timestamp_utc,cycle_index,step_index,commanded_heater_temp_C,step_duration_ms,gas_resistance_ohm,sensor_temperature_C,sensor_humidity_RH,pressure_Pa,backend,i2c_addr,sample_name,specimen_id,storage,notes,profile_name,profile_hash
2025-10-10T16:16:09.112756+00:00,0,1,180,150,66.97987847858005,25.1,40.0,101365.0,bme68x_i2c,0x76,Natural Air,NA1,other,Open Air trial run,Meat Freshness Sweep v1,163a995b5a23e2c5af5de02cf9d46eba16c0a61d
2025-10-10T16:16:09.112756+00:00,0,2,220,150,54.80171875520186,25.233333333333334,40.18181818181818,101285.0,bme68x_i2c,0x76,Natural Air,NA1,other,Open Air trial run,Meat Freshness Sweep v1,163a995b5a23e2c5af5de02cf9d46eba16c0a61d
2025-10-10T16:16:09.112756+00:00,0,3,260,150,46.37068510055542,25.366666666666667,40.36363636363637,101205.0,bme68x_i2c,0x76,Natural Air,NA1,other,Open Air trial run,Meat Freshness Sweep v1,163a995b5a23e2c5af5de02cf9d46eba16c0a61d
2025-10-10T16:16:09.112756+00:00,0,4,300,150,40.18792708714803,25.5,40.54545454545455,101125.0,bme68x_i2c,0x76,Natural Air,NA1,other,Open Air trial run,Meat Freshness Sweep v1,163a995b5a23e2c5af5de02cf9d46eba16c0a61d
2025-10-10T16:16:09.112756+00:00,0,5,340,150,35.459935665130615,25.633333333333333,40.72727272727273,101045.0,bme68x_i2c,0x76,Natural Air,NA1,other,Open Air trial run,Meat Freshness Sweep v1,163a995b5a23e2c5af5de02cf9d46eba16c0a61d
2025-10-10T16:16:10.113969+00:00,1,1,180,150,55.87213701672024,25.1,40.0,101365.0,bme68x_i2c,0x76,Natural Air,NA1,other,Open Air trial run,Meat Freshness Sweep v1,163a995b5a23e2c5af5de02cf9d46eba16c0a61d
2025-10-10T16:16:10.113969+00:00,1,2,220,150,45.71356665004383,25.233333333333334,40.18181818181818,101285.0,bme68x_i2c,0x76,Natural Air,NA1,other,Open Air trial run,Meat Freshness Sweep v1,163a995b5a23e2c5af5de02cf9d46eba16c0a61d
2025-10-10T16:16:10.113969+00:00,1,3,260,150,38.68071024234478,25.366666666666667,40.36363636363637,101205.0,bme68x_i2c,0x76,Natural Air,NA1,other,Open Air trial run,Meat Freshness Sweep v1,163a995b5a23e2c5af5de02cf9d46eba16c0a61d
2025-10-10T16:16:10.113969+00:00,1,4,300,150,33.52328221003214,25.5,40.54545454545455,101125.0,bme68x_i2c,0x76,Natural Air,NA1,other,Open Air trial run,Meat Freshness Sweep v1,163a995b5a23e2c5af5de02cf9d46eba16c0a61d
2025-10-10T16:16:10.113969+00:00,1,5,340,150,29.57936665591071,25.633333333333333,40.72727272727273,101045.0,bme68x_i2c,0x76,Natural Air,NA1,other,Open Air trial run,Meat Freshness Sweep v1,163a995b5a23e2c5af5de02cf9d46eba16c0a61d
2025-10-10T16:16:11.114719+00:00,2,1,180,150,58.65199764569601,25.1,40.0,101365.0,bme68x_i2c,0x76,Natural Air,NA1,other,Open Air trial run,Meat Freshness Sweep v1,163a995b5a23e2c5af5de02cf9d46eba16c0a61d
2025-10-10T16:16:11.114719+00:00,2,2,220,150,47.98799807375127,25.233333333333334,40.18181818181818,101285.0,bme68x_i2c,0x76,Natural Air,NA1,other,Open Air trial run,Meat Freshness Sweep v1,163a995b5a23e2c5af5de02cf9d46eba16c0a61d
2025-10-10T16:16:11.114719+00:00,2,3,260,150,40.605229139328,25.366666666666667,40.36363636363637,101205.0,bme68x_i2c,0x76,Natural Air,NA1,other,Open Air trial run,Meat Freshness Sweep v1,163a995b5a23e2c5af5de02cf9d46eba16c0a61d
2025-10-10T16:16:11.114719+00:00,2,4,300,150,35.1911985874176,25.5,40.54545454545455,101125.0,bme68x_i2c,0x76,Natural Air,NA1,other,Open Air trial run,Meat Freshness Sweep v1,163a995b5a23e2c5af5de02cf9d46eba16c0a61d
2025-10-10T16:16:11.114719+00:00,2,5,340,150,31.051057577133175,25.633333333333333,40.72727272727273,101045.0,bme68x_i2c,0x76,Natural Air,NA1,other,Open Air trial run,Meat Freshness Sweep v1,163a995b5a23e2c5af5de02cf9d46eba16c0a61d
2025-10-10T16:16:12.115291+00:00,3,1,180,150,61.431366205215454,25.1,40.0,101365.0,bme68x_i2c,0x76,Natural Air,NA1,other,Open Air trial run,Meat Freshness Sweep v1,163a995b5a23e2c5af5de02cf9d46eba16c0a61d
2025-10-10T16:16:12.115291+00:00,3,2,220,150,50.26202689517628,25.233333333333334,40.18181818181818,101285.0,bme68x_i2c,0x76,Natural Air,NA1,other,Open Air trial run,Meat Freshness Sweep v1,163a995b5a23e2c5af5de02cf9d46eba16c0a61d
2025-10-10T16:16:12.115291+00:00,3,3,260,150,42.52940737284146,25.366666666666667,40.36363636363637,101205.0,bme68x_i2c,0x76,Natural Air,NA1,other,Open Air trial run,Meat Freshness Sweep v1,163a995b5a23e2c5af5de02cf9d46eba16c0a61d
2025-10-10T16:16:12.115291+00:00,3,4,300,150,36.85881972312927,25.5,40.54545454545455,101125.0,bme68x_i2c,0x76,Natural Air,NA1,other,Open Air trial run,Meat Freshness Sweep v1,163a995b5a23e2c5af5de02cf9d46eba16c0a61d
2025-10-10T16:16:12.115291+00:00,3,5,340,150,32.52248799099641,25.633333333333333,40.72727272727273,101045.0,bme68x_i2c,0x76,Natural Air,NA1,other,Open Air trial run,Meat Freshness Sweep v1,163a995b5a23e2c5af5de02cf9d46eba16c0a61d
2025-10-10T16:16:13.115880+00:00,4,1,180,150,64.21077847480774,25.1,40.0,101365.0,bme68x_i2c,0x76,Natural Air,NA1,other,Open Air trial run,Meat Freshness Sweep v1,163a995b5a23e2c5af5de02cf9d46eba16c0a61d
2025-10-10T16:16:13.115880+00:00,4,2,220,150,52.53609147938815,25.233333333333334,40.18181818181818,101285.0,bme68x_i2c,0x76,Natural Air,NA1,other,Open Air trial run,Meat Freshness Sweep v1,163a995b5a23e2c5af5de02cf9d46eba16c0a61d
2025-10-10T16:16:13.115880+00:00,4,3,260,150,44.45361586717459,25.366666666666667,40.36363636363637,101205.0,bme68x_i2c,0x76,Natural Air,NA1,other,Open Air trial run,Meat Freshness Sweep v1,163a995b5a23e2c5af5de02cf9d46eba16c0a61d
2025-10-10T16:16:13.115880+00:00,4,4,300,150,38.52646708488465,25.5,40.54545454545455,101125.0,bme68x_i2c,0x76,Natural Air,NA1,other,Open Air trial run,Meat Freshness Sweep v1,163a995b5a23e2c5af5de02cf9d46eba16c0a61d
2025-10-10T16:16:13.115880+00:00,4,5,340,150,33.99394154548645,25.633333333333333,40.72727272727273,101045.0,bme68x_i2c,0x76,Natural Air,NA1,other,Open Air trial run,Meat Freshness Sweep v1,163a995b5a23e2c5af5de02cf9d46eba16c0a61d
2025-10-10T16:16:14.116298+00:00,5,1,180,150,66.98971721861098,25.1,40.0,101365.0,bme68x_i2c,0x76,Natural Air,NA1,other,Open Air trial run,Meat Freshness Sweep v1,163a995b5a23e2c5af5de02cf9d46eba16c0a61d
2025-10-10T16:16:14.116298+00:00,5,2,220,150,54.80976863340898,25.233333333333334,40.18181818181818,101285.0,bme68x_i2c,0x76,Natural Air,NA1,other,Open Air trial run,Meat Freshness Sweep v1,163a995b5a23e2c5af5de02cf9d46eba16c0a61d
2025-10-10T16:16:14.116298+00:00,5,3,260,150,46.37749653596144,25.366666666666667,40.36363636363637,101205.0,bme68x_i2c,0x76,Natural Air,NA1,other,Open Air trial run,Meat Freshness Sweep v1,163a995b5a23e2c5af5de02cf9d46eba16c0a61d
2025-10-10T16:16:14.116298+00:00,5,4,300,150,40.19383033116659,25.5,40.54545454545455,101125.0,bme68x_i2c,0x76,Natural Air,NA1,other,Open Air trial run,Meat Freshness Sweep v1,163a995b5a23e2c5af5de02cf9d46eba16c0a61d
2025-10-10T16:16:14.116298+00:00,5,5,340,150,35.46514440985287,25.633333333333333,40.72727272727273,101045.0,bme68x_i2c,0x76,Natural Air,NA1,other,Open Air trial run,Meat Freshness Sweep v1,163a995b5a23e2c5af5de02cf9d46eba16c0a61d
2025-10-10T16:16:15.116553+00:00,6,1,180,150,55.87931540277269,25.1,40.0,101365.0,bme68x_i2c,0x76,Natural Air,NA1,other,Open Air trial run,Meat Freshness Sweep v1,163a995b5a23e2c5af5de02cf9d46eba16c0a61d
2025-10-10T16:16:15.116553+00:00,6,2,220,150,45.719439874995835,25.233333333333334,40.18181818181818,101285.0,bme68x_i2c,0x76,Natural Air,NA1,other,Open Air trial run,Meat Freshness Sweep v1,163a995b5a23e2c5af5de02cf9d46eba16c0a61d
2025-10-10T16:16:15.116553+00:00,6,3,260,150,38.68567989422724,25.366666666666667,40.36363636363637,101205.0,bme68x_i2c,0x76,Natural Air,NA1,other,Open Air trial run,Meat Freshness Sweep v1,163a995b5a23e2c5af5de02cf9d46eba16c0a61d
2025-10-10T16:16:15.116553+00:00,6,4,300,150,33.52758924166361,25.5,40.54545454545455,101125.0,bme68x_i2c,0x76,Natural Air,NA1,other,Open Air trial run,Meat Freshness Sweep v1,163a995b5a23e2c5af5de02cf9d46eba16c0a61d
2025-10-10T16:16:15.116553+00:00,6,5,340,150,29.583166977938482,25.633333333333333,40.72727272727273,101045.0,bme68x_i2c,0x76,Natural Air,NA1,other,Open Air trial run,Meat Freshness Sweep v1,163a995b5a23e2c5af5de02cf9d46eba16c0a61d
2025-10-10T16:16:16.117157+00:00,7,1,180,150,58.658770057890145,25.1,40.0,101365.0,bme68x_i2c,0x76,Natural Air,NA1,other,Open Air trial run,Meat Freshness Sweep v1,163a995b5a23e2c5af5de02cf9d46eba16c0a61d
2025-10-10T16:16:16.117157+00:00,7,2,220,150,47.99353913827375,25.233333333333334,40.18181818181818,101285.0,bme68x_i2c,0x76,Natural Air,NA1,other,Open Air trial run,Meat Freshness Sweep v1,163a995b5a23e2c5af5de02cf9d46eba16c0a61d
2025-10-10T16:16:16.117157+00:00,7,3,260,150,40.60991773238548,25.366666666666667,40.36363636363637,101205.0,bme68x_i2c,0x76,Natural Air,NA1,other,Open Air trial run,Meat Freshness Sweep v1,163a995b5a23e2c5af5de02cf9d46eba16c0a61d
2025-10-10T16:16:16.117157+00:00,7,4,300,150,35.19526203473409,25.5,40.54545454545455,101125.0,bme68x_i2c,0x76,Natural Air,NA1,other,Open Air trial run,Meat Freshness Sweep v1,163a995b5a23e2c5af5de02cf9d46eba16c0a61d
2025-10-10T16:16:16.117157+00:00,7,5,340,150,31.054642971824194,25.633333333333333,40.72727272727273,101045.0,bme68x_i2c,0x76,Natural Air,NA1,other,Open Air trial run,Meat Freshness Sweep v1,163a995b5a23e2c5af5de02cf9d46eba16c0a61d
2025-10-10T16:16:17.117876+00:00,8,1,180,150,61.43854525354173,25.1,40.0,101365.0,bme68x_i2c,0x76,Natural Air,NA1,other,Open Air trial run,Meat Freshness Sweep v1,163a995b5a23e2c5af5de02cf9d46eba16c0a61d
2025-10-10T16:16:17.117876+00:00,8,2,220,150,50.26790066198868,25.233333333333334,40.18181818181818,101285.0,bme68x_i2c,0x76,Natural Air,NA1,other,Open Air trial run,Meat Freshness Sweep v1,163a995b5a23e2c5af5de02cf9d46eba16c0a61d
2025-10-10T16:16:17.117876+00:00,8,3,260,150,42.53437748322119,25.366666666666667,40.36363636363637,101205.0,bme68x_i2c,0x76,Natural Air,NA1,other,Open Air trial run,Meat Freshness Sweep v1,163a995b5a23e2c5af5de02cf9d46eba16c0a61d
2025-10-10T16:16:17.117876+00:00,8,4,300,150,36.86312715212504,25.5,40.54545454545455,101125.0,bme68x_i2c,0x76,Natural Air,NA1,other,Open Air trial run,Meat Freshness Sweep v1,163a995b5a23e2c5af5de02cf9d46eba16c0a61d
2025-10-10T16:16:17.117876+00:00,8,5,340,150,32.52628866363974,25.633333333333333,40.72727272727273,101045.0,bme68x_i2c,0x76,Natural Air,NA1,other,Open Air trial run,Meat Freshness Sweep v1,163a995b5a23e2c5af5de02cf9d46eba16c0a61d
2025-10-10T16:16:18.118240+00:00,9,1,180,150,64.21733564800687,25.1,40.0,101365.0,bme68x_i2c,0x76,Natural Air,NA1,other,Open Air trial run,Meat Freshness Sweep v1,163a995b5a23e2c5af5de02cf9d46eba16c0a61d
2025-10-10T16:16:18.118240+00:00,9,2,220,150,52.54145643927834,25.233333333333334,40.18181818181818,101285.0,bme68x_i2c,0x76,Natural Air,NA1,other,Open Air trial run,Meat Freshness Sweep v1,163a995b5a23e2c5af5de02cf9d46eba16c0a61d
2025-10-10T16:16:18.118240+00:00,9,3,260,150,44.45815544862013,25.366666666666667,40.36363636363637,101205.0,bme68x_i2c,0x76,Natural Air,NA1,other,Open Air trial run,Meat Freshness Sweep v1,163a995b5a23e2c5af5de02cf9d46eba16c0a61d
2025-10-10T16:16:18.118240+00:00,9,4,300,150,38.53040138880412,25.5,40.54545454545455,101125.0,bme68x_i2c,0x76,Natural Air,NA1,other,Open Air trial run,Meat Freshness Sweep v1,163a995b5a23e2c5af5de02cf9d46eba16c0a61d
2025-10-10T16:16:18.118240+00:00,9,5,340,150,33.997412990121276,25.633333333333333,40.72727272727273,101045.0,bme68x_i2c,0x76,Natural Air,NA1,other,Open Air trial run,Meat Freshness Sweep v1,163a995b5a23e2c5af5de02cf9d46eba16c0a61d
2025-10-10T16:16:19.118754+00:00,10,1,180,150,66.99653930134244,25.1,40.0,101365.0,bme68x_i2c,0x76,Natural Air,NA1,other,Open Air trial run,Meat Freshness Sweep v1,163a995b5a23e2c5af5de02cf9d46eba16c0a61d
2025-10-10T16:16:19.118754+00:00,10,2,220,150,54.815350337461986,25.233333333333334,40.18181818181818,101285.0,bme68x_i2c,0x76,Natural Air,NA1,other,Open Air trial run,Meat Freshness Sweep v1,163a995b5a23e2c5af5de02cf9d46eba16c0a61d
2025-10-10T16:16:19.118754+00:00,10,3,260,150,46.38221951631399,25.366666666666667,40.36363636363637,101205.0,bme68x_i2c,0x76,Natural Air,NA1,other,Open Air trial run,Meat Freshness Sweep v1,163a995b5a23e2c5af5de02cf9d46eba16c0a61d
2025-10-10T16:16:19.118754+00:00,10,4,300,150,40.19792358080546,25.5,40.54545454545455,101125.0,bme68x_i2c,0x76,Natural Air,NA1,other,Open Air trial run,Meat Freshness Sweep v1,163a995b5a23e2c5af5de02cf9d46eba16c0a61d
2025-10-10T16:16:19.118754+00:00,10,5,340,150,35.4687561007107,25.633333333333333,40.72727272727273,101045.0,bme68x_i2c,0x76,Natural Air,NA1,other,Open Air trial run,Meat Freshness Sweep v1,163a995b5a23e2c5af5de02cf9d46eba16c0a61d
2025-10-10T16:16:20.119325+00:00,11,1,180,150,55.88701499833001,25.1,40.0,101365.0,bme68x_i2c,0x76,Natural Air,NA1,other,Open Air trial run,Meat Freshness Sweep v1,163a995b5a23e2c5af5de02cf9d46eba16c0a61d
2025-10-10T16:16:20.119325+00:00,11,2,220,150,45.725739544088185,25.233333333333334,40.18181818181818,101285.0,bme68x_i2c,0x76,Natural Air,NA1,other,Open Air trial run,Meat Freshness Sweep v1,163a995b5a23e2c5af5de02cf9d46eba16c0a61d
2025-10-10T16:16:20.119325+00:00,11,3,260,150,38.691010383459236,25.366666666666667,40.36363636363637,101205.0,bme68x_i2c,0x76,Natural Air,NA1,other,Open Air trial run,Meat Freshness Sweep v1,163a995b5a23e2c5af5de02cf9d46eba16c0a61d
2025-10-10T16:16:20.119325+00:00,11,4,300,150,33.53220899899801,25.5,40.54545454545455,101125.0,bme68x_i2c,0x76,Natural Air,NA1,other,Open Air trial run,Meat Freshness Sweep v1,163a995b5a23e2c5af5de02cf9d46eba16c0a61d
2025-10-10T16:16:20.119325+00:00,11,5,340,150,29.58724323441,25.633333333333333,40.72727272727273,101045.0,bme68x_i2c,0x76,Natural Air,NA1,other,Open Air trial run,Meat Freshness Sweep v1,163a995b5a23e2c5af5de02cf9d46eba16c0a61d
2025-10-10T16:16:21.120036+00:00,12,1,180,150,58.66676900121901,25.1,40.0,101365.0,bme68x_i2c,0x76,Natural Air,NA1,other,Open Air trial run,Meat Freshness Sweep v1,163a995b5a23e2c5af5de02cf9d46eba16c0a61d
2025-10-10T16:16:21.120036+00:00,12,2,220,150,48.0000837282701,25.233333333333334,40.18181818181818,101285.0,bme68x_i2c,0x76,Natural Air,NA1,other,Open Air trial run,Meat Freshness Sweep v1,163a995b5a23e2c5af5de02cf9d46eba16c0a61d
2025-10-10T16:16:21.120036+00:00,12,3,260,150,40.615455462382386,25.366666666666667,40.36363636363637,101205.0,bme68x_i2c,0x76,Natural Air,NA1,other,Open Air trial run,Meat Freshness Sweep v1,163a995b5a23e2c5af5de02cf9d46eba16c0a61d
2025-10-10T16:16:21.120036+00:00,12,4,300,150,35.20006140073141,25.5,40.54545454545455,101125.0,bme68x_i2c,0x76,Natural Air,NA1,other,Open Air trial run,Meat Freshness Sweep v1,163a995b5a23e2c5af5de02cf9d46eba16c0a61d
2025-10-10T16:16:21.120036+00:00,12,5,340,150,31.05887770652771,25.633333333333333,40.72727272727273,101045.0,bme68x_i2c,0x76,Natural Air,NA1,other,Open Air trial run,Meat Freshness Sweep v1,163a995b5a23e2c5af5de02cf9d46eba16c0a61d
2025-10-10T16:16:22.120679+00:00,13,1,180,150,61.446330282423226,25.1,40.0,101365.0,bme68x_i2c,0x76,Natural Air,NA1,other,Open Air trial run,Meat Freshness Sweep v1,163a995b5a23e2c5af5de02cf9d46eba16c0a61d
2025-10-10T16:16:22.120679+00:00,13,2,220,150,50.27427023107355,25.233333333333334,40.18181818181818,101285.0,bme68x_i2c,0x76,Natural Air,NA1,other,Open Air trial run,Meat Freshness Sweep v1,163a995b5a23e2c5af5de02cf9d46eba16c0a61d
2025-10-10T16:16:22.120679+00:00,13,3,260,150,42.53976711860069,25.366666666666667,40.36363636363637,101205.0,bme68x_i2c,0x76,Natural Air,NA1,other,Open Air trial run,Meat Freshness Sweep v1,163a995b5a23e2c5af5de02cf9d46eba16c0a61d
2025-10-10T16:16:22.120679+00:00,13,4,300,150,36.86779816945394,25.5,40.54545454545455,101125.0,bme68x_i2c,0x76,Natural Air,NA1,other,Open Air trial run,Meat Freshness Sweep v1,163a995b5a23e2c5af5de02cf9d46eba16c0a61d
2025-10-10T16:16:22.120679+00:00,13,5,340,150,32.530410149518175,25.633333333333333,40.72727272727273,101045.0,bme68x_i2c,0x76,Natural Air,NA1,other,Open Air trial run,Meat Freshness Sweep v1,163a995b5a23e2c5af5de02cf9d46eba16c0a61d
2025-10-10T16:16:23.121300+00:00,14,1,180,150,64.22583394580417,25.1,40.0,101365.0,bme68x_i2c,0x76,Natural Air,NA1,other,Open Air trial run,Meat Freshness Sweep v1,163a995b5a23e2c5af5de02cf9d46eba16c0a61d
2025-10-10T16:16:23.121300+00:00,14,2,220,150,52.54840959202159,25.233333333333334,40.18181818181818,101285.0,bme68x_i2c,0x76,Natural Air,NA1,other,Open Air trial run,Meat Freshness Sweep v1,163a995b5a23e2c5af5de02cf9d46eba16c0a61d
2025-10-10T16:16:23.121300+00:00,14,3,260,150,44.46403888555673,25.366666666666667,40.36363636363637,101205.0,bme68x_i2c,0x76,Natural Air,NA1,other,Open Air trial run,Meat Freshness Sweep v1,163a995b5a23e2c5af5de02cf9d46eba16c0a61d
2025-10-10T16:16:23.121300+00:00,14,4,300,150,38.535500367482506,25.5,40.54545454545455,101125.0,bme68x_i2c,0x76,Natural Air,NA1,other,Open Air trial run,Meat Freshness Sweep v1,163a995b5a23e2c5af5de02cf9d46eba16c0a61d
2025-10-10T16:16:23.121300+00:00,14,5,340,150,34.001912088955144,25.633333333333333,40.72727272727273,101045.0,bme68x_i2c,0x76,Natural Air,NA1,other,Open Air trial run,Meat Freshness Sweep v1,163a995b5a23e2c5af5de02cf9d46eba16c0a61d
2025-10-10T16:16:24.121903+00:00,15,1,180,150,67.00528727637396,25.1,40.0,101365.0,bme68x_i2c,0x76,Natural Air,NA1,other,Open Air trial run,Meat Freshness Sweep v1,163a995b5a23e2c5af5de02cf9d46eba16c0a61d
2025-10-10T16:16:24.121903+00:00,15,2,220,150,54.8225077715787,25.233333333333334,40.18181818181818,101285.0,bme68x_i2c,0x76,Natural Air,NA1,other,Open Air trial run,Meat Freshness Sweep v1,163a995b5a23e2c5af5de02cf9d46eba16c0a61d
2025-10-10T16:16:24.121903+00:00,15,3,260,150,46.388275806720436,25.366666666666667,40.36363636363637,101205.0,bme68x_i2c,0x76,Natural Air,NA1,other,Open Air trial run,Meat Freshness Sweep v1,163a995b5a23e2c5af5de02cf9d46eba16c0a61d
2025-10-10T16:16:24.121903+00:00,15,4,300,150,40.203172365824386,25.5,40.54545454545455,101125.0,bme68x_i2c,0x76,Natural Air,NA1,other,Open Air trial run,Meat Freshness Sweep v1,163a995b5a23e2c5af5de02cf9d46eba16c0a61d
2025-10-10T16:16:24.121903+00:00,15,5,340,150,35.47338738160975,25.633333333333333,40.72727272727273,101045.0,bme68x_i2c,0x76,Natural Air,NA1,other,Open Air trial run,Meat Freshness Sweep v1,163a995b5a23e2c5af5de02cf9d46eba16c0a61d
2025-10-10T16:16:25.122382+00:00,16,1,180,150,55.89550799793667,25.1,40.0,101365.0,bme68x_i2c,0x76,Natural Air,NA1,other,Open Air trial run,Meat Freshness Sweep v1,163a995b5a23e2c5af5de02cf9d46eba16c0a61d
2025-10-10T16:16:25.122382+00:00,16,2,220,150,45.732688361948185,25.233333333333334,40.18181818181818,101285.0,bme68x_i2c,0x76,Natural Air,NA1,other,Open Air trial run,Meat Freshness Sweep v1,163a995b5a23e2c5af5de02cf9d46eba16c0a61d
2025-10-10T16:16:25.122382+00:00,16,3,260,150,38.696890152417694,25.366666666666667,40.36363636363637,101205.0,bme68x_i2c,0x76,Natural Air,NA1,other,Open Air trial run,Meat Freshness Sweep v1,163a995b5a23e2c5af5de02cf9d46eba16c0a61d
2025-10-10T16:16:25.122382+00:00,16,4,300,150,33.537304798762,25.5,40.54545454545455,101125.0,bme68x_i2c,0x76,Natural Air,NA1,other,Open Air trial run,Meat Freshness Sweep v1,163a995b5a23e2c5af5de02cf9d46eba16c0a61d
2025-10-10T16:16:25.122382+00:00,16,5,340,150,29.591739528319412,25.633333333333333,40.72727272727273,101045.0,bme68x_i2c,0x76,Natural Air,NA1,other,Open Air trial run,Meat Freshness Sweep v1,163a995b5a23e2c5af5de02cf9d46eba16c0a61d
2025-10-10T16:16:26.122792+00:00,17,1,180,150,58.674422899881996,25.1,40.0,101365.0,bme68x_i2c,0x76,Natural Air,NA1,other,Open Air trial run,Meat Freshness Sweep v1,163a995b5a23e2c5af5de02cf9d46eba16c0a61d
2025-10-10T16:16:26.122792+00:00,17,2,220,150,48.006346008994356,25.233333333333334,40.18181818181818,101285.0,bme68x_i2c,0x76,Natural Air,NA1,other,Open Air trial run,Meat Freshness Sweep v1,163a995b5a23e2c5af5de02cf9d46eba16c0a61d
2025-10-10T16:16:26.122792+00:00,17,3,260,150,40.62075431530292,25.366666666666667,40.36363636363637,101205.0,bme68x_i2c,0x76,Natural Air,NA1,other,Open Air trial run,Meat Freshness Sweep v1,163a995b5a23e2c5af5de02cf9d46eba16c0a61d
2025-10-10T16:16:26.122792+00:00,17,4,300,150,35.2046537399292,25.5,40.54545454545455,101125.0,bme68x_i2c,0x76,Natural Air,NA1,other,Open Air trial run,Meat Freshness Sweep v1,163a995b5a23e2c5af5de02cf9d46eba16c0a61d
2025-10-10T16:16:26.122792+00:00,17,5,340,150,31.06292977052576,25.633333333333333,40.72727272727273,101045.0,bme68x_i2c,0x76,Natural Air,NA1,other,Open Air trial run,Meat Freshness Sweep v1,163a995b5a23e2c5af5de02cf9d46eba16c0a61d
2025-10-10T16:16:27.123385+00:00,18,1,180,150,61.45384775267708,25.1,40.0,101365.0,bme68x_i2c,0x76,Natural Air,NA1,other,Open Air trial run,Meat Freshness Sweep v1,163a995b5a23e2c5af5de02cf9d46eba16c0a61d
2025-10-10T16:16:27.123385+00:00,18,2,220,150,50.28042088855397,25.233333333333334,40.18181818181818,101285.0,bme68x_i2c,0x76,Natural Air,NA1,other,Open Air trial run,Meat Freshness Sweep v1,163a995b5a23e2c5af5de02cf9d46eba16c0a61d
2025-10-10T16:16:27.123385+00:00,18,3,260,150,42.54497152108413,25.366666666666667,40.36363636363637,101205.0,bme68x_i2c,0x76,Natural Air,NA1,other,Open Air trial run,Meat Freshness Sweep v1,163a995b5a23e2c5af5de02cf9d46eba16c0a61d
2025-10-10T16:16:27.123385+00:00,18,4,300,150,36.87230865160625,25.5,40.54545454545455,101125.0,bme68x_i2c,0x76,Natural Air,NA1,other,Open Air trial run,Meat Freshness Sweep v1,163a995b5a23e2c5af5de02cf9d46eba16c0a61d
2025-10-10T16:16:27.123385+00:00,18,5,340,150,32.53438998671139,25.633333333333333,40.72727272727273,101045.0,bme68x_i2c,0x76,Natural Air,NA1,other,Open Air trial run,Meat Freshness Sweep v1,163a995b5a23e2c5af5de02cf9d46eba16c0a61d
2025-10-10T16:16:28.123735+00:00,19,1,180,150,64.23259708616469,25.1,40.0,101365.0,bme68x_i2c,0x76,Natural Air,NA1,other,Open Air trial run,Meat Freshness Sweep v1,163a995b5a23e2c5af5de02cf9d46eba16c0a61d
2025-10-10T16:16:28.123735+00:00,19,2,220,150,52.55394307049838,25.233333333333334,40.18181818181818,101285.0,bme68x_i2c,0x76,Natural Air,NA1,other,Open Air trial run,Meat Freshness Sweep v1,163a995b5a23e2c5af5de02cf9d46eba16c0a61d
2025-10-10T16:16:28.123735+00:00,19,3,260,150,44.468721059652474,25.366666666666667,40.36363636363637,101205.0,bme68x_i2c,0x76,Natural Air,NA1,other,Open Air trial run,Meat Freshness Sweep v1,163a995b5a23e2c5af5de02cf9d46eba16c0a61d
2025-10-10T16:16:28.123735+00:00,19,4,300,150,38.539558251698814,25.5,40.54545454545455,101125.0,bme68x_i2c,0x76,Natural Air,NA1,other,Open Air trial run,Meat Freshness Sweep v1,163a995b5a23e2c5af5de02cf9d46eba16c0a61d
2025-10-10T16:16:28.123735+00:00,19,5,340,150,34.00549257502836,25.633333333333333,40.72727272727273,101045.0,bme68x_i2c,0x76,Natural Air,NA1,other,Open Air trial run,Meat Freshness Sweep v1,163a995b5a23e2c5af5de02cf9d46eba16c0a61d
2025-10-10T16:16:29.124259+00:00,20,1,180,150,67.01183186637031,25.1,40.0,101365.0,bme68x_i2c,0x76,Natural Air,NA1,other,Open Air trial run,Meat Freshness Sweep v1,163a995b5a23e2c5af5de02cf9d46eba16c0a61d
2025-10-10T16:16:29.124259+00:00,20,2,220,150,54.827862436121166,25.233333333333334,40.18181818181818,101285.0,bme68x_i2c,0x76,Natural Air,NA1,other,Open Air trial run,Meat Freshness Sweep v1,163a995b5a23e2c5af5de02cf9d46eba16c0a61d
2025-10-10T16:16:29.124259+00:00,20,3,260,150,46.3928066767179,25.366666666666667,40.36363636363637,101205.0,bme68x_i2c,0x76,Natural Air,NA1,other,Open Air trial run,Meat Freshness Sweep v1,163a995b5a23e2c5af5de02cf9d46eba16c0a61d
2025-10-10T16:16:29.124259+00:00,20,4,300,150,40.20709911982219,25.5,40.54545454545455,101125.0,bme68x_i2c,0x76,Natural Air,NA1,other,Open Air trial run,Meat Freshness Sweep v1,163a995b5a23e2c5af5de02cf9d46eba16c0a61d
2025-10-10T16:16:29.124259+00:00,20,5,340,150,35.47685216454899,25.633333333333333,40.72727272727273,101045.0,bme68x_i2c,0x76,Natural Air,NA1,other,Open Air trial run,Meat Freshness Sweep v1,163a995b5a23e2c5af5de02cf9d46eba16c0a61d
2025-10-10T16:16:30.124810+00:00,21,1,180,150,55.90225127008227,25.1,40.0,101365.0,bme68x_i2c,0x76,Natural Air,NA1,other,Open Air trial run,Meat Freshness Sweep v1,163a995b5a23e2c5af5de02cf9d46eba16c0a61d
2025-10-10T16:16:30.124810+00:00,21,2,220,150,45.738205584612764,25.233333333333334,40.18181818181818,101285.0,bme68x_i2c,0x76,Natural Air,NA1,other,Open Air trial run,Meat Freshness Sweep v1,163a995b5a23e2c5af5de02cf9d46eba16c0a61d
2025-10-10T16:16:30.124810+00:00,21,3,260,150,38.70155857159541,25.366666666666667,40.36363636363637,101205.0,bme68x_i2c,0x76,Natural Air,NA1,other,Open Air trial run,Meat Freshness Sweep v1,163a995b5a23e2c5af5de02cf9d46eba16c0a61d
2025-10-10T16:16:30.124810+00:00,21,4,300,150,33.54135076204936,25.5,40.54545454545455,101125.0,bme68x_i2c,0x76,Natural Air,NA1,other,Open Air trial run,Meat Freshness Sweep v1,163a995b5a23e2c5af5de02cf9d46eba16c0a61d
2025-10-10T16:16:30.124810+00:00,21,5,340,150,29.595309495925903,25.633333333333333,40.72727272727273,101045.0,bme68x_i2c,0x76,Natural Air,NA1,other,Open Air trial run,Meat Freshness Sweep v1,163a995b5a23e2c5af5de02cf9d46eba16c0a61d
2025-10-10T16:16:31.125674+00:00,22,1,180,150,58.68242780367534,25.1,40.0,101365.0,bme68x_i2c,0x76,Natural Air,NA1,other,Open Air trial run,Meat Freshness Sweep v1,163a995b5a23e2c5af5de02cf9d46eba16c0a61d
2025-10-10T16:16:31.125674+00:00,22,2,220,150,48.01289547573437,25.233333333333334,40.18181818181818,101285.0,bme68x_i2c,0x76,Natural Air,NA1,other,Open Air trial run,Meat Freshness Sweep v1,163a995b5a23e2c5af5de02cf9d46eba16c0a61d
2025-10-10T16:16:31.125674+00:00,22,3,260,150,40.62629617177523,25.366666666666667,40.36363636363637,101205.0,bme68x_i2c,0x76,Natural Air,NA1,other,Open Air trial run,Meat Freshness Sweep v1,163a995b5a23e2c5af5de02cf9d46eba16c0a61d
2025-10-10T16:16:31.125674+00:00,22,4,300,150,35.20945668220521,25.5,40.54545454545455,101125.0,bme68x_i2c,0x76,Natural Air,NA1,other,Open Air trial run,Meat Freshness Sweep v1,163a995b5a23e2c5af5de02cf9d46eba16c0a61d
2025-10-10T16:16:31.125674+00:00,22,5,340,150,31.067167660769293,25.633333333333333,40.72727272727273,101045.0,bme68x_i2c,0x76,Natural Air,NA1,other,Open Air trial run,Meat Freshness Sweep v1,163a995b5a23e2c5af5de02cf9d46eba16c0a61d
2025-10-10T16:16:32.126336+00:00,23,1,180,150,61.462045378155175,25.1,40.0,101365.0,bme68x_i2c,0x76,Natural Air,NA1,other,Open Air trial run,Meat Freshness Sweep v1,163a995b5a23e2c5af5de02cf9d46eba16c0a61d
2025-10-10T16:16:32.126336+00:00,23,2,220,150,50.287128036672414,25.233333333333334,40.18181818181818,101285.0,bme68x_i2c,0x76,Natural Air,NA1,other,Open Air trial run,Meat Freshness Sweep v1,163a995b5a23e2c5af5de02cf9d46eba16c0a61d
2025-10-10T16:16:32.126336+00:00,23,3,260,150,42.550646800261276,25.366666666666667,40.36363636363637,101205.0,bme68x_i2c,0x76,Natural Air,NA1,other,Open Air trial run,Meat Freshness Sweep v1,163a995b5a23e2c5af5de02cf9d46eba16c0a61d
2025-10-10T16:16:32.126336+00:00,23,4,300,150,36.877227226893105,25.5,40.54545454545455,101125.0,bme68x_i2c,0x76,Natural Air,NA1,other,Open Air trial run,Meat Freshness Sweep v1,163a995b5a23e2c5af5de02cf9d46eba16c0a61d
2025-10-10T16:16:32.126336+00:00,23,5,340,150,32.53872990608215,25.633333333333333,40.72727272727273,101045.0,bme68x_i2c,0x76,Natural Air,NA1,other,Open Air trial run,Meat Freshness Sweep v1,163a995b5a23e2c5af5de02cf9d46eba16c0a61d
2025-10-10T16:16:33.126902+00:00,24,1,180,150,64.24139671855502,25.1,40.0,101365.0,bme68x_i2c,0x76,Natural Air,NA1,other,Open Air trial run,Meat Freshness Sweep v1,163a995b5a23e2c5af5de02cf9d46eba16c0a61d
2025-10-10T16:16:33.126902+00:00,24,2,220,150,52.561142769726835,25.233333333333334,40.18181818181818,101285.0,bme68x_i2c,0x76,Natural Air,NA1,other,Open Air trial run,Meat Freshness Sweep v1,163a995b5a23e2c5af5de02cf9d46eba16c0a61d
2025-10-10T16:16:33.126902+00:00,24,3,260,150,44.47481311284579,25.366666666666667,40.36363636363637,101205.0,bme68x_i2c,0x76,Natural Air,NA1,other,Open Air trial run,Meat Freshness Sweep v1,163a995b5a23e2c5af5de02cf9d46eba16c0a61d
2025-10-10T16:16:33.126902+00:00,24,4,300,150,38.54483803113302,25.5,40.54545454545455,101125.0,bme68x_i2c,0x76,Natural Air,NA1,other,Open Air trial run,Meat Freshness Sweep v1,163a995b5a23e2c5af5de02cf9d46eba16c0a61d
2025-10-10T16:16:33.126902+00:00,24,5,340,150,34.01015120394089,25.633333333333333,40.72727272727273,101045.0,bme68x_i2c,0x76,Natural Air,NA1,other,Open Air trial run,Meat Freshness Sweep v1,163a995b5a23e2c5af5de02cf9d46eba16c0a61d
2025-10-10T16:16:34.127894+00:00,25,1,180,150,67.02192823092143,25.1,40.0,101365.0,bme68x_i2c,0x76,Natural Air,NA1,other,Open Air trial run,Meat Freshness Sweep v1,163a995b5a23e2c5af5de02cf9d46eba16c0a61d
2025-10-10T16:16:34.127894+00:00,25,2,220,150,54.836123098026626,25.233333333333334,40.18181818181818,101285.0,bme68x_i2c,0x76,Natural Air,NA1,other,Open Air trial run,Meat Freshness Sweep v1,163a995b5a23e2c5af5de02cf9d46eba16c0a61d
2025-10-10T16:16:34.127894+00:00,25,3,260,150,46.39979646756099,25.366666666666667,40.36363636363637,101205.0,bme68x_i2c,0x76,Natural Air,NA1,other,Open Air trial run,Meat Freshness Sweep v1,163a995b5a23e2c5af5de02cf9d46eba16c0a61d
2025-10-10T16:16:34.127894+00:00,25,4,300,150,40.21315693855286,25.5,40.54545454545455,101125.0,bme68x_i2c,0x76,Natural Air,NA1,other,Open Air trial run,Meat Freshness Sweep v1,163a995b5a23e2c5af5de02cf9d46eba16c0a61d
2025-10-10T16:16:34.127894+00:00,25,5,340,150,35.48219729872311,25.633333333333333,40.72727272727273,101045.0,bme68x_i2c,0x76,Natural Air,NA1,other,Open Air trial run,Meat Freshness Sweep v1,163a995b5a23e2c5af5de02cf9d46eba16c0a61d
2025-10-10T16:16:35.128358+00:00,26,1,180,150,55.91210656695896,25.1,40.0,101365.0,bme68x_i2c,0x76,Natural Air,NA1,other,Open Air trial run,Meat Freshness Sweep v1,163a995b5a23e2c5af5de02cf9d46eba16c0a61d
2025-10-10T16:16:35.128358+00:00,26,2,220,150,45.74626900933006,25.233333333333334,40.18181818181818,101285.0,bme68x_i2c,0x76,Natural Air,NA1,other,Open Air trial run,Meat Freshness Sweep v1,163a995b5a23e2c5af5de02cf9d46eba16c0a61d
2025-10-10T16:16:35.128358+00:00,26,3,260,150,38.70838146943312,25.366666666666667,40.36363636363637,101205.0,bme68x_i2c,0x76,Natural Air,NA1,other,Open Air trial run,Meat Freshness Sweep v1,163a995b5a23e2c5af5de02cf9d46eba16c0a61d
2025-10-10T16:16:35.128358+00:00,26,4,300,150,33.54726394017538,25.5,40.54545454545455,101125.0,bme68x_i2c,0x76,Natural Air,NA1,other,Open Air trial run,Meat Freshness Sweep v1,163a995b5a23e2c5af5de02cf9d46eba16c0a61d
2025-10-10T16:16:35.128358+00:00,26,5,340,150,29.600527006037094,25.633333333333333,40.72727272727273,101045.0,bme68x_i2c,0x76,Natural Air,NA1,other,Open Air trial run,Meat Freshness Sweep v1,163a995b5a23e2c5af5de02cf9d46eba16c0a61d
2025-10-10T16:16:36.128998+00:00,27,1,180,150,58.691663874520195,25.1,40.0,101365.0,bme68x_i2c,0x76,Natural Air,NA1,other,Open Air trial run,Meat Freshness Sweep v1,163a995b5a23e2c5af5de02cf9d46eba16c0a61d
2025-10-10T16:16:36.128998+00:00,27,2,220,150,48.02045226097107,25.233333333333334,40.18181818181818,101285.0,bme68x_i2c,0x76,Natural Air,NA1,other,Open Air trial run,Meat Freshness Sweep v1,163a995b5a23e2c5af5de02cf9d46eba16c0a61d
2025-10-10T16:16:36.128998+00:00,27,3,260,150,40.632690374667824,25.366666666666667,40.36363636363637,101205.0,bme68x_i2c,0x76,Natural Air,NA1,other,Open Air trial run,Meat Freshness Sweep v1,163a995b5a23e2c5af5de02cf9d46eba16c0a61d
2025-10-10T16:16:36.128998+00:00,27,4,300,150,35.21499832471212,25.5,40.54545454545455,101125.0,bme68x_i2c,0x76,Natural Air,NA1,other,Open Air trial run,Meat Freshness Sweep v1,163a995b5a23e2c5af5de02cf9d46eba16c0a61d
2025-10-10T16:16:36.128998+00:00,27,5,340,150,31.07205734533422,25.633333333333333,40.72727272727273,101045.0,bme68x_i2c,0x76,Natural Air,NA1,other,Open Air trial run,Meat Freshness Sweep v1,163a995b5a23e2c5af5de02cf9d46eba16c0a61d
2025-10-10T16:16:37.129735+00:00,28,1,180,150,61.47148741616144,25.1,40.0,101365.0,bme68x_i2c,0x76,Natural Air,NA1,other,Open Air trial run,Meat Freshness Sweep v1,163a995b5a23e2c5af5de02cf9d46eba16c0a61d
2025-10-10T16:16:37.129735+00:00,28,2,220,150,50.29485334049572,25.233333333333334,40.18181818181818,101285.0,bme68x_i2c,0x76,Natural Air,NA1,other,Open Air trial run,Meat Freshness Sweep v1,163a995b5a23e2c5af5de02cf9d46eba16c0a61d
2025-10-10T16:16:37.129735+00:00,28,3,260,150,42.55718359580407,25.366666666666667,40.36363636363637,101205.0,bme68x_i2c,0x76,Natural Air,NA1,other,Open Air trial run,Meat Freshness Sweep v1,163a995b5a23e2c5af5de02cf9d46eba16c0a61d
2025-10-10T16:16:37.129735+00:00,28,4,300,150,36.88289244969686,25.5,40.54545454545455,101125.0,bme68x_i2c,0x76,Natural Air,NA1,other,Open Air trial run,Meat Freshness Sweep v1,163a995b5a23e2c5af5de02cf9d46eba16c0a61d
2025-10-10T16:16:37.129735+00:00,28,5,340,150,32.54372863208546,25.633333333333333,40.72727272727273,101045.0,bme68x_i2c,0x76,Natural Air,NA1,other,Open Air trial run,Meat Freshness Sweep v1,163a995b5a23e2c5af5de02cf9d46eba16c0a61d
2025-10-10T16:16:38.130169+00:00,29,1,180,150,64.25047119458517,25.1,40.0,101365.0,bme68x_i2c,0x76,Natural Air,NA1,other,Open Air trial run,Meat Freshness Sweep v1,163a995b5a23e2c5af5de02cf9d46eba16c0a61d
2025-10-10T16:16:38.130169+00:00,29,2,220,150,52.56856734102423,25.233333333333334,40.18181818181818,101285.0,bme68x_i2c,0x76,Natural Air,NA1,other,Open Air trial run,Meat Freshness Sweep v1,163a995b5a23e2c5af5de02cf9d46eba16c0a61d
2025-10-10T16:16:38.130169+00:00,29,3,260,150,44.48109544240511,25.366666666666667,40.36363636363637,101205.0,bme68x_i2c,0x76,Natural Air,NA1,other,Open Air trial run,Meat Freshness Sweep v1,163a995b5a23e2c5af5de02cf9d46eba16c0a61d
2025-10-10T16:16:38.130169+00:00,29,4,300,150,38.550282716751106,25.5,40.54545454545455,101125.0,bme68x_i2c,0x76,Natural Air,NA1,other,Open Air trial run,Meat Freshness Sweep v1,163a995b5a23e2c5af5de02cf9d46eba16c0a61d
2025-10-10T16:16:38.130169+00:00,29,5,340,150,34.0149553383098,25.633333333333333,40.72727272727273,101045.0,bme68x_i2c,0x76,Natural Air,NA1,other,Open Air trial run,Meat Freshness Sweep v1,163a995b5a23e2c5af5de02cf9d46eba16c0a61d
2025-10-10T16:16:39.130833+00:00,30,1,180,150,67.03009340498183,25.1,40.0,101365.0,bme68x_i2c,0x76,Natural Air,NA1,other,Open Air trial run,Meat Freshness Sweep v1,163a995b5a23e2c5af5de02cf9d46eba16c0a61d
2025-10-10T16:16:39.130833+00:00,30,2,220,150,54.84280369498512,25.233333333333334,40.18181818181818,101285.0,bme68x_i2c,0x76,Natural Air,NA1,other,Open Air trial run,Meat Freshness Sweep v1,163a995b5a23e2c5af5de02cf9d46eba16c0a61d
2025-10-10T16:16:39.130833+00:00,30,3,260,150,46.405449280372025,25.366666666666667,40.36363636363637,101205.0,bme68x_i2c,0x76,Natural Air,NA1,other,Open Air trial run,Meat Freshness Sweep v1,163a995b5a23e2c5af5de02cf9d46eba16c0a61d
2025-10-10T16:16:39.130833+00:00,30,4,300,150,40.2180560429891,25.5,40.54545454545455,101125.0,bme68x_i2c,0x76,Natural Air,NA1,other,Open Air trial run,Meat Freshness Sweep v1,163a995b5a23e2c5af5de02cf9d46eba16c0a61d
2025-10-10T16:16:39.130833+00:00,30,5,340,150,35.48652003793155,25.633333333333333,40.72727272727273,101045.0,bme68x_i2c,0x76,Natural Air,NA1,other,Open Air trial run,Meat Freshness Sweep v1,163a995b5a23e2c5af5de02cf9d46eba16c0a61d
2025-10-10T16:16:40.131603+00:00,31,1,180,150,55.92112011379666,25.1,40.0,101365.0,bme68x_i2c,0x76,Natural Air,NA1,other,Open Air trial run,Meat Freshness Sweep v1,163a995b5a23e2c5af5de02cf9d46eba16c0a61d
2025-10-10T16:16:40.131603+00:00,31,2,220,150,45.75364372946999,25.233333333333334,40.18181818181818,101285.0,bme68x_i2c,0x76,Natural Air,NA1,other,Open Air trial run,Meat Freshness Sweep v1,163a995b5a23e2c5af5de02cf9d46eba16c0a61d
2025-10-10T16:16:40.131603+00:00,31,3,260,150,38.71462161724384,25.366666666666667,40.36363636363637,101205.0,bme68x_i2c,0x76,Natural Air,NA1,other,Open Air trial run,Meat Freshness Sweep v1,163a995b5a23e2c5af5de02cf9d46eba16c0a61d
2025-10-10T16:16:40.131603+00:00,31,4,300,150,33.552672068278,25.5,40.54545454545455,101125.0,bme68x_i2c,0x76,Natural Air,NA1,other,Open Air trial run,Meat Freshness Sweep v1,163a995b5a23e2c5af5de02cf9d46eba16c0a61d
2025-10-10T16:16:40.131603+00:00,31,5,340,150,29.6052988837747,25.633333333333333,40.72727272727273,101045.0,bme68x_i2c,0x76,Natural Air,NA1,other,Open Air trial run,Meat Freshness Sweep v1,163a995b5a23e2c5af5de02cf9d46eba16c0a61d
2025-10-10T16:16:41.132077+00:00,32,1,180,150,58.70021515422397,25.1,40.0,101365.0,bme68x_i2c,0x76,Natural Air,NA1,other,Open Air trial run,Meat Freshness Sweep v1,163a995b5a23e2c5af5de02cf9d46eba16c0a61d
2025-10-10T16:16:41.132077+00:00,32,2,220,150,48.02744876254688,25.233333333333334,40.18181818181818,101285.0,bme68x_i2c,0x76,Natural Air,NA1,other,Open Air trial run,Meat Freshness Sweep v1,163a995b5a23e2c5af5de02cf9d46eba16c0a61d
2025-10-10T16:16:41.132077+00:00,32,3,260,150,40.63861049138582,25.366666666666667,40.36363636363637,101205.0,bme68x_i2c,0x76,Natural Air,NA1,other,Open Air trial run,Meat Freshness Sweep v1,163a995b5a23e2c5af5de02cf9d46eba16c0a61d
2025-10-10T16:16:41.132077+00:00,32,4,300,150,35.220129092534386,25.5,40.54545454545455,101125.0,bme68x_i2c,0x76,Natural Air,NA1,other,Open Air trial run,Meat Freshness Sweep v1,163a995b5a23e2c5af5de02cf9d46eba16c0a61d
2025-10-10T16:16:41.132077+00:00,32,5,340,150,31.076584493412685,25.633333333333333,40.72727272727273,101045.0,bme68x_i2c,0x76,Natural Air,NA1,other,Open Air trial run,Meat Freshness Sweep v1,163a995b5a23e2c5af5de02cf9d46eba16c0a61d
2025-10-10T16:16:42.132643+00:00,33,1,180,150,61.47956450780233,25.1,40.0,101365.0,bme68x_i2c,0x76,Natural Air,NA1,other,Open Air trial run,Meat Freshness Sweep v1,163a995b5a23e2c5af5de02cf9d46eba16c0a61d
2025-10-10T16:16:42.132643+00:00,33,2,220,150,50.301461870020084,25.233333333333334,40.18181818181818,101285.0,bme68x_i2c,0x76,Natural Air,NA1,other,Open Air trial run,Meat Freshness Sweep v1,163a995b5a23e2c5af5de02cf9d46eba16c0a61d
2025-10-10T16:16:42.132643+00:00,33,3,260,150,42.56277542847853,25.366666666666667,40.36363636363637,101205.0,bme68x_i2c,0x76,Natural Air,NA1,other,Open Air trial run,Meat Freshness Sweep v1,163a995b5a23e2c5af5de02cf9d46eba16c0a61d
2025-10-10T16:16:42.132643+00:00,33,4,300,150,36.887738704681404,25.5,40.54545454545455,101125.0,bme68x_i2c,0x76,Natural Air,NA1,other,Open Air trial run,Meat Freshness Sweep v1,163a995b5a23e2c5af5de02cf9d46eba16c0a61d
2025-10-10T16:16:42.132643+00:00,33,5,340,150,32.54800473942476,25.633333333333333,40.72727272727273,101045.0,bme68x_i2c,0x76,Natural Air,NA1,other,Open Air trial run,Meat Freshness Sweep v1,163a995b5a23e2c5af5de02cf9d46eba16c0a61d
2025-10-10T16:16:43.132989+00:00,34,1,180,150,64.25830456945631,25.1,40.0,101365.0,bme68x_i2c,0x76,Natural Air,NA1,other,Open Air trial run,Meat Freshness Sweep v1,163a995b5a23e2c5af5de02cf9d46eba16c0a61d
2025-10-10T16:16:43.132989+00:00,34,2,220,150,52.574976465918795,25.233333333333334,40.18181818181818,101285.0,bme68x_i2c,0x76,Natural Air,NA1,other,Open Air trial run,Meat Freshness Sweep v1,163a995b5a23e2c5af5de02cf9d46eba16c0a61d
2025-10-10T16:16:43.132989+00:00,34,3,260,150,44.48651854808514,25.366666666666667,40.36363636363637,101205.0,bme68x_i2c,0x76,Natural Air,NA1,other,Open Air trial run,Meat Freshness Sweep v1,163a995b5a23e2c5af5de02cf9d46eba16c0a61d
2025-10-10T16:16:43.132989+00:00,34,4,300,150,38.55498274167379,25.5,40.54545454545455,101125.0,bme68x_i2c,0x76,Natural Air,NA1,other,Open Air trial run,Meat Freshness Sweep v1,163a995b5a23e2c5af5de02cf9d46eba16c0a61d
2025-10-10T16:16:43.132989+00:00,34,5,340,150,34.019102419123925,25.633333333333333,40.72727272727273,101045.0,bme68x_i2c,0x76,Natural Air,NA1,other,Open Air trial run,Meat Freshness Sweep v1,163a995b5a23e2c5af5de02cf9d46eba16c0a61d
2025-10-10T16:16:44.133983+00:00,35,1,180,150,67.03884270456103,25.1,40.0,101365.0,bme68x_i2c,0x76,Natural Air,NA1,other,Open Air trial run,Meat Freshness Sweep v1,163a995b5a23e2c5af5de02cf9d46eba16c0a61d
2025-10-10T16:16:44.133983+00:00,35,2,220,150,54.84996221282265,25.233333333333334,40.18181818181818,101285.0,bme68x_i2c,0x76,Natural Air,NA1,other,Open Air trial run,Meat Freshness Sweep v1,163a995b5a23e2c5af5de02cf9d46eba16c0a61d
2025-10-10T16:16:44.133983+00:00,35,3,260,150,46.41150648777302,25.366666666666667,40.36363636363637,101205.0,bme68x_i2c,0x76,Natural Air,NA1,other,Open Air trial run,Meat Freshness Sweep v1,163a995b5a23e2c5af5de02cf9d46eba16c0a61d
2025-10-10T16:16:44.133983+00:00,35,4,300,150,40.22330562273662,25.5,40.54545454545455,101125.0,bme68x_i2c,0x76,Natural Air,NA1,other,Open Air trial run,Meat Freshness Sweep v1,163a995b5a23e2c5af5de02cf9d46eba16c0a61d
2025-10-10T16:16:44.133983+00:00,35,5,340,150,35.49115202006172,25.633333333333333,40.72727272727273,101045.0,bme68x_i2c,0x76,Natural Air,NA1,other,Open Air trial run,Meat Freshness Sweep v1,163a995b5a23e2c5af5de02cf9d46eba16c0a61d
2025-10-10T16:16:45.134607+00:00,36,1,180,150,55.929464764065216,25.1,40.0,101365.0,bme68x_i2c,0x76,Natural Air,NA1,other,Open Air trial run,Meat Freshness Sweep v1,163a995b5a23e2c5af5de02cf9d46eba16c0a61d
2025-10-10T16:16:45.134607+00:00,36,2,220,150,45.76047117059881,25.233333333333334,40.18181818181818,101285.0,bme68x_i2c,0x76,Natural Air,NA1,other,Open Air trial run,Meat Freshness Sweep v1,163a995b5a23e2c5af5de02cf9d46eba16c0a61d
2025-10-10T16:16:45.134607+00:00,36,3,260,150,38.72039868281438,25.366666666666667,40.36363636363637,101205.0,bme68x_i2c,0x76,Natural Air,NA1,other,Open Air trial run,Meat Freshness Sweep v1,163a995b5a23e2c5af5de02cf9d46eba16c0a61d
2025-10-10T16:16:45.134607+00:00,36,4,300,150,33.55767885843913,25.5,40.54545454545455,101125.0,bme68x_i2c,0x76,Natural Air,NA1,other,Open Air trial run,Meat Freshness Sweep v1,163a995b5a23e2c5af5de02cf9d46eba16c0a61d
2025-10-10T16:16:45.134607+00:00,36,5,340,150,29.60971663979923,25.633333333333333,40.72727272727273,101045.0,bme68x_i2c,0x76,Natural Air,NA1,other,Open Air trial run,Meat Freshness Sweep v1,163a995b5a23e2c5af5de02cf9d46eba16c0a61d
2025-10-10T16:16:46.135354+00:00,37,1,180,150,58.709317445755005,25.1,40.0,101365.0,bme68x_i2c,0x76,Natural Air,NA1,other,Open Air trial run,Meat Freshness Sweep v1,163a995b5a23e2c5af5de02cf9d46eba16c0a61d
2025-10-10T16:16:46.135354+00:00,37,2,220,150,48.034896091981366,25.233333333333334,40.18181818181818,101285.0,bme68x_i2c,0x76,Natural Air,NA1,other,Open Air trial run,Meat Freshness Sweep v1,163a995b5a23e2c5af5de02cf9d46eba16c0a61d
2025-10-10T16:16:46.135354+00:00,37,3,260,150,40.644912077830384,25.366666666666667,40.36363636363637,101205.0,bme68x_i2c,0x76,Natural Air,NA1,other,Open Air trial run,Meat Freshness Sweep v1,163a995b5a23e2c5af5de02cf9d46eba16c0a61d
2025-10-10T16:16:46.135354+00:00,37,4,300,150,35.225590467453,25.5,40.54545454545455,101125.0,bme68x_i2c,0x76,Natural Air,NA1,other,Open Air trial run,Meat Freshness Sweep v1,163a995b5a23e2c5af5de02cf9d46eba16c0a61d
2025-10-10T16:16:46.135354+00:00,37,5,340,150,31.081403353635,25.633333333333333,40.72727272727273,101045.0,bme68x_i2c,0x76,Natural Air,NA1,other,Open Air trial run,Meat Freshness Sweep v1,163a995b5a23e2c5af5de02cf9d46eba16c0a61d
2025-10-10T16:16:47.135710+00:00,38,1,180,150,61.48808399836223,25.1,40.0,101365.0,bme68x_i2c,0x76,Natural Air,NA1,other,Open Air trial run,Meat Freshness Sweep v1,163a995b5a23e2c5af5de02cf9d46eba16c0a61d
2025-10-10T16:16:47.135710+00:00,38,2,220,150,50.308432362296365,25.233333333333334,40.18181818181818,101285.0,bme68x_i2c,0x76,Natural Air,NA1,other,Open Air trial run,Meat Freshness Sweep v1,163a995b5a23e2c5af5de02cf9d46eba16c0a61d
2025-10-10T16:16:47.135710+00:00,38,3,260,150,42.5686735373277,25.366666666666667,40.36363636363637,101205.0,bme68x_i2c,0x76,Natural Air,NA1,other,Open Air trial run,Meat Freshness Sweep v1,163a995b5a23e2c5af5de02cf9d46eba16c0a61d
2025-10-10T16:16:47.135710+00:00,38,4,300,150,36.89285039901734,25.5,40.54545454545455,101125.0,bme68x_i2c,0x76,Natural Air,NA1,other,Open Air trial run,Meat Freshness Sweep v1,163a995b5a23e2c5af5de02cf9d46eba16c0a61d
2025-10-10T16:16:47.135710+00:00,38,5,340,150,32.55251505795647,25.633333333333333,40.72727272727273,101045.0,bme68x_i2c,0x76,Natural Air,NA1,other,Open Air trial run,Meat Freshness Sweep v1,163a995b5a23e2c5af5de02cf9d46eba16c0a61d
2025-10-10T16:16:48.136123+00:00,39,1,180,150,64.26701015896268,25.1,40.0,101365.0,bme68x_i2c,0x76,Natural Air,NA1,other,Open Air trial run,Meat Freshness Sweep v1,163a995b5a23e2c5af5de02cf9d46eba16c0a61d
2025-10-10T16:16:48.136123+00:00,39,2,220,150,52.582099220969454,25.233333333333334,40.18181818181818,101285.0,bme68x_i2c,0x76,Natural Air,NA1,other,Open Air trial run,Meat Freshness Sweep v1,163a995b5a23e2c5af5de02cf9d46eba16c0a61d
2025-10-10T16:16:48.136123+00:00,39,3,260,150,44.492545494666466,25.366666666666667,40.36363636363637,101205.0,bme68x_i2c,0x76,Natural Air,NA1,other,Open Air trial run,Meat Freshness Sweep v1,163a995b5a23e2c5af5de02cf9d46eba16c0a61d
2025-10-10T16:16:48.136123+00:00,39,4,300,150,38.56020609537761,25.5,40.54545454545455,101125.0,bme68x_i2c,0x76,Natural Air,NA1,other,Open Air trial run,Meat Freshness Sweep v1,163a995b5a23e2c5af5de02cf9d46eba16c0a61d
2025-10-10T16:16:48.136123+00:00,39,5,340,150,34.023711260627294,25.633333333333333,40.72727272727273,101045.0,bme68x_i2c,0x76,Natural Air,NA1,other,Open Air trial run,Meat Freshness Sweep v1,163a995b5a23e2c5af5de02cf9d46eba16c0a61d
2025-10-10T16:16:49.136577+00:00,40,1,180,150,67.04604824384054,25.1,40.0,101365.0,bme68x_i2c,0x76,Natural Air,NA1,other,Open Air trial run,Meat Freshness Sweep v1,163a995b5a23e2c5af5de02cf9d46eba16c0a61d
2025-10-10T16:16:49.136577+00:00,40,2,220,150,54.85585765405135,25.233333333333334,40.18181818181818,101285.0,bme68x_i2c,0x76,Natural Air,NA1,other,Open Air trial run,Meat Freshness Sweep v1,163a995b5a23e2c5af5de02cf9d46eba16c0a61d
2025-10-10T16:16:49.136577+00:00,40,3,260,150,46.41649493804345,25.366666666666667,40.36363636363637,101205.0,bme68x_i2c,0x76,Natural Air,NA1,other,Open Air trial run,Meat Freshness Sweep v1,163a995b5a23e2c5af5de02cf9d46eba16c0a61d
2025-10-10T16:16:49.136577+00:00,40,4,300,150,40.22762894630433,25.5,40.54545454545455,101125.0,bme68x_i2c,0x76,Natural Air,NA1,other,Open Air trial run,Meat Freshness Sweep v1,163a995b5a23e2c5af5de02cf9d46eba16c0a61d
2025-10-10T16:16:49.136577+00:00,40,5,340,150,35.494966717327344,25.633333333333333,40.72727272727273,101045.0,bme68x_i2c,0x76,Natural Air,NA1,other,Open Air trial run,Meat Freshness Sweep v1,163a995b5a23e2c5af5de02cf9d46eba16c0a61d
2025-10-10T16:16:50.136863+00:00,41,1,180,150,55.93573053677877,25.1,40.0,101365.0,bme68x_i2c,0x76,Natural Air,NA1,other,Open Air trial run,Meat Freshness Sweep v1,163a995b5a23e2c5af5de02cf9d46eba16c0a61d
2025-10-10T16:16:50.136863+00:00,41,2,220,150,45.7655977119099,25.233333333333334,40.18181818181818,101285.0,bme68x_i2c,0x76,Natural Air,NA1,other,Open Air trial run,Meat Freshness Sweep v1,163a995b5a23e2c5af5de02cf9d46eba16c0a61d
2025-10-10T16:16:50.136863+00:00,41,3,260,150,38.72473652546222,25.366666666666667,40.36363636363637,101205.0,bme68x_i2c,0x76,Natural Air,NA1,other,Open Air trial run,Meat Freshness Sweep v1,163a995b5a23e2c5af5de02cf9d46eba16c0a61d
2025-10-10T16:16:50.136863+00:00,41,4,300,150,33.56143832206726,25.5,40.54545454545455,101125.0,bme68x_i2c,0x76,Natural Air,NA1,other,Open Air trial run,Meat Freshness Sweep v1,163a995b5a23e2c5af5de02cf9d46eba16c0a61d
2025-10-10T16:16:50.136863+00:00,41,5,340,150,29.613033813588757,25.633333333333333,40.72727272727273,101045.0,bme68x_i2c,0x76,Natural Air,NA1,other,Open Air trial run,Meat Freshness Sweep v1,163a995b5a23e2c5af5de02cf9d46eba16c0a61d
2025-10-10T16:16:51.137362+00:00,42,1,180,150,58.71489511595833,25.1,40.0,101365.0,bme68x_i2c,0x76,Natural Air,NA1,other,Open Air trial run,Meat Freshness Sweep v1,163a995b5a23e2c5af5de02cf9d46eba16c0a61d
2025-10-10T16:16:51.137362+00:00,42,2,220,150,48.03945964032954,25.233333333333334,40.18181818181818,101285.0,bme68x_i2c,0x76,Natural Air,NA1,other,Open Air trial run,Meat Freshness Sweep v1,163a995b5a23e2c5af5de02cf9d46eba16c0a61d
2025-10-10T16:16:51.137362+00:00,42,3,260,150,40.6487735418173,25.366666666666667,40.36363636363637,101205.0,bme68x_i2c,0x76,Natural Air,NA1,other,Open Air trial run,Meat Freshness Sweep v1,163a995b5a23e2c5af5de02cf9d46eba16c0a61d
2025-10-10T16:16:51.137362+00:00,42,4,300,150,35.228937069575,25.5,40.54545454545455,101125.0,bme68x_i2c,0x76,Natural Air,NA1,other,Open Air trial run,Meat Freshness Sweep v1,163a995b5a23e2c5af5de02cf9d46eba16c0a61d
2025-10-10T16:16:51.137362+00:00,42,5,340,150,31.084356237860288,25.633333333333333,40.72727272727273,101045.0,bme68x_i2c,0x76,Natural Air,NA1,other,Open Air trial run,Meat Freshness Sweep v1,163a995b5a23e2c5af5de02cf9d46eba16c0a61d
2025-10-10T16:16:52.138454+00:00,43,1,180,150,61.495706770155174,25.1,40.0,101365.0,bme68x_i2c,0x76,Natural Air,NA1,other,Open Air trial run,Meat Freshness Sweep v1,163a995b5a23e2c5af5de02cf9d46eba16c0a61d
2025-10-10T16:16:52.138454+00:00,43,2,220,150,50.3146691755815,25.233333333333334,40.18181818181818,101285.0,bme68x_i2c,0x76,Natural Air,NA1,other,Open Air trial run,Meat Freshness Sweep v1,163a995b5a23e2c5af5de02cf9d46eba16c0a61d
2025-10-10T16:16:52.138454+00:00,43,3,260,150,42.573950840876655,25.366666666666667,40.36363636363637,101205.0,bme68x_i2c,0x76,Natural Air,NA1,other,Open Air trial run,Meat Freshness Sweep v1,163a995b5a23e2c5af5de02cf9d46eba16c0a61d
2025-10-10T16:16:52.138454+00:00,43,4,300,150,36.8974240620931,25.5,40.54545454545455,101125.0,bme68x_i2c,0x76,Natural Air,NA1,other,Open Air trial run,Meat Freshness Sweep v1,163a995b5a23e2c5af5de02cf9d46eba16c0a61d
2025-10-10T16:16:52.138454+00:00,43,5,340,150,32.55655064302332,25.633333333333333,40.72727272727273,101045.0,bme68x_i2c,0x76,Natural Air,NA1,other,Open Air trial run,Meat Freshness Sweep v1,163a995b5a23e2c5af5de02cf9d46eba16c0a61d
2025-10-10T16:16:53.139061+00:00,44,1,180,150,64.2751713593801,25.1,40.0,101365.0,bme68x_i2c,0x76,Natural Air,NA1,other,Open Air trial run,Meat Freshness Sweep v1,163a995b5a23e2c5af5de02cf9d46eba16c0a61d
2025-10-10T16:16:53.139061+00:00,44,2,220,150,52.588776566765524,25.233333333333334,40.18181818181818,101285.0,bme68x_i2c,0x76,Natural Air,NA1,other,Open Air trial run,Meat Freshness Sweep v1,163a995b5a23e2c5af5de02cf9d46eba16c0a61d
2025-10-10T16:16:53.139061+00:00,44,3,260,150,44.498195556493904,25.366666666666667,40.36363636363637,101205.0,bme68x_i2c,0x76,Natural Air,NA1,other,Open Air trial run,Meat Freshness Sweep v1,163a995b5a23e2c5af5de02cf9d46eba16c0a61d
2025-10-10T16:16:53.139061+00:00,44,4,300,150,38.56510281562806,25.5,40.54545454545455,101125.0,bme68x_i2c,0x76,Natural Air,NA1,other,Open Air trial run,Meat Freshness Sweep v1,163a995b5a23e2c5af5de02cf9d46eba16c0a61d
2025-10-10T16:16:53.139061+00:00,44,5,340,150,34.0280318961424,25.633333333333333,40.72727272727273,101045.0,bme68x_i2c,0x76,Natural Air,NA1,other,Open Air trial run,Meat Freshness Sweep v1,163a995b5a23e2c5af5de02cf9d46eba16c0a61d
2025-10-10T16:16:54.139743+00:00,45,1,180,150,67.05484324031407,25.1,40.0,101365.0,bme68x_i2c,0x76,Natural Air,NA1,other,Open Air trial run,Meat Freshness Sweep v1,163a995b5a23e2c5af5de02cf9d46eba16c0a61d
2025-10-10T16:16:54.139743+00:00,45,2,220,150,54.86305356025696,25.233333333333334,40.18181818181818,101285.0,bme68x_i2c,0x76,Natural Air,NA1,other,Open Air trial run,Meat Freshness Sweep v1,163a995b5a23e2c5af5de02cf9d46eba16c0a61d
2025-10-10T16:16:54.139743+00:00,45,3,260,150,46.42258378175589,25.366666666666667,40.36363636363637,101205.0,bme68x_i2c,0x76,Natural Air,NA1,other,Open Air trial run,Meat Freshness Sweep v1,163a995b5a23e2c5af5de02cf9d46eba16c0a61d
2025-10-10T16:16:54.139743+00:00,45,4,300,150,40.23290594418844,25.5,40.54545454545455,101125.0,bme68x_i2c,0x76,Natural Air,NA1,other,Open Air trial run,Meat Freshness Sweep v1,163a995b5a23e2c5af5de02cf9d46eba16c0a61d
2025-10-10T16:16:54.139743+00:00,45,5,340,150,35.499622891930976,25.633333333333333,40.72727272727273,101045.0,bme68x_i2c,0x76,Natural Air,NA1,other,Open Air trial run,Meat Freshness Sweep v1,163a995b5a23e2c5af5de02cf9d46eba16c0a61d
2025-10-10T16:16:55.140065+00:00,46,1,180,150,55.94462752342225,25.1,40.0,101365.0,bme68x_i2c,0x76,Natural Air,NA1,other,Open Air trial run,Meat Freshness Sweep v1,163a995b5a23e2c5af5de02cf9d46eba16c0a61d
2025-10-10T16:16:55.140065+00:00,46,2,220,150,45.7728770646182,25.233333333333334,40.18181818181818,101285.0,bme68x_i2c,0x76,Natural Air,NA1,other,Open Air trial run,Meat Freshness Sweep v1,163a995b5a23e2c5af5de02cf9d46eba16c0a61d
2025-10-10T16:16:55.140065+00:00,46,3,260,150,38.73089597775386,25.366666666666667,40.36363636363637,101205.0,bme68x_i2c,0x76,Natural Air,NA1,other,Open Air trial run,Meat Freshness Sweep v1,163a995b5a23e2c5af5de02cf9d46eba16c0a61d
2025-10-10T16:16:55.140065+00:00,46,4,300,150,33.56677651405335,25.5,40.54545454545455,101125.0,bme68x_i2c,0x76,Natural Air,NA1,other,Open Air trial run,Meat Freshness Sweep v1,163a995b5a23e2c5af5de02cf9d46eba16c0a61d
2025-10-10T16:16:55.140065+00:00,46,5,340,150,29.617743982988245,25.633333333333333,40.72727272727273,101045.0,bme68x_i2c,0x76,Natural Air,NA1,other,Open Air trial run,Meat Freshness Sweep v1,163a995b5a23e2c5af5de02cf9d46eba16c0a61d
2025-10-10T16:16:56.140458+00:00,47,1,180,150,58.723496728473236,25.1,40.0,101365.0,bme68x_i2c,0x76,Natural Air,NA1,other,Open Air trial run,Meat Freshness Sweep v1,163a995b5a23e2c5af5de02cf9d46eba16c0a61d
2025-10-10T16:16:56.140458+00:00,47,2,220,150,48.046497323296286,25.233333333333334,40.18181818181818,101285.0,bme68x_i2c,0x76,Natural Air,NA1,other,Open Air trial run,Meat Freshness Sweep v1,163a995b5a23e2c5af5de02cf9d46eba16c0a61d
2025-10-10T16:16:56.140458+00:00,47,3,260,150,40.65472850432762,25.366666666666667,40.36363636363637,101205.0,bme68x_i2c,0x76,Natural Air,NA1,other,Open Air trial run,Meat Freshness Sweep v1,163a995b5a23e2c5af5de02cf9d46eba16c0a61d
2025-10-10T16:16:56.140458+00:00,47,4,300,150,35.234098037083946,25.5,40.54545454545455,101125.0,bme68x_i2c,0x76,Natural Air,NA1,other,Open Air trial run,Meat Freshness Sweep v1,163a995b5a23e2c5af5de02cf9d46eba16c0a61d
2025-10-10T16:16:56.140458+00:00,47,5,340,150,31.088910032721124,25.633333333333333,40.72727272727273,101045.0,bme68x_i2c,0x76,Natural Air,NA1,other,Open Air trial run,Meat Freshness Sweep v1,163a995b5a23e2c5af5de02cf9d46eba16c0a61d
2025-10-10T16:16:57.140938+00:00,48,1,180,150,61.5026076634725,25.1,40.0,101365.0,bme68x_i2c,0x76,Natural Air,NA1,other,Open Air trial run,Meat Freshness Sweep v1,163a995b5a23e2c5af5de02cf9d46eba16c0a61d
2025-10-10T16:16:57.140938+00:00,48,2,220,150,50.32031536102295,25.233333333333334,40.18181818181818,101285.0,bme68x_i2c,0x76,Natural Air,NA1,other,Open Air trial run,Meat Freshness Sweep v1,163a995b5a23e2c5af5de02cf9d46eba16c0a61d
2025-10-10T16:16:57.140938+00:00,48,3,260,150,42.57872838240404,25.366666666666667,40.36363636363637,101205.0,bme68x_i2c,0x76,Natural Air,NA1,other,Open Air trial run,Meat Freshness Sweep v1,163a995b5a23e2c5af5de02cf9d46eba16c0a61d
2025-10-10T16:16:57.140938+00:00,48,4,300,150,36.9015645980835,25.5,40.54545454545455,101125.0,bme68x_i2c,0x76,Natural Air,NA1,other,Open Air trial run,Meat Freshness Sweep v1,163a995b5a23e2c5af5de02cf9d46eba16c0a61d
2025-10-10T16:16:57.140938+00:00,48,5,340,150,32.560204057132495,25.633333333333333,40.72727272727273,101045.0,bme68x_i2c,0x76,Natural Air,NA1,other,Open Air trial run,Meat Freshness Sweep v1,163a995b5a23e2c5af5de02cf9d46eba16c0a61d
2025-10-10T16:16:58.141742+00:00,49,1,180,150,64.28261664178636,25.1,40.0,101365.0,bme68x_i2c,0x76,Natural Air,NA1,other,Open Air trial run,Meat Freshness Sweep v1,163a995b5a23e2c5af5de02cf9d46eba16c0a61d
2025-10-10T16:16:58.141742+00:00,49,2,220,150,52.59486816146157,25.233333333333334,40.18181818181818,101285.0,bme68x_i2c,0x76,Natural Air,NA1,other,Open Air trial run,Meat Freshness Sweep v1,163a995b5a23e2c5af5de02cf9d46eba16c0a61d
2025-10-10T16:16:58.141742+00:00,49,3,260,150,44.50334998277517,25.366666666666667,40.36363636363637,101205.0,bme68x_i2c,0x76,Natural Air,NA1,other,Open Air trial run,Meat Freshness Sweep v1,163a995b5a23e2c5af5de02cf9d46eba16c0a61d
2025-10-10T16:16:58.141742+00:00,49,4,300,150,38.56956998507182,25.5,40.54545454545455,101125.0,bme68x_i2c,0x76,Natural Air,NA1,other,Open Air trial run,Meat Freshness Sweep v1,163a995b5a23e2c5af5de02cf9d46eba16c0a61d
2025-10-10T16:16:58.141742+00:00,49,5,340,150,34.03197351623984,25.633333333333333,40.72727272727273,101045.0,bme68x_i2c,0x76,Natural Air,NA1,other,Open Air trial run,Meat Freshness Sweep v1,163a995b5a23e2c5af5de02cf9d46eba16c0a61d
