timestamp_utc,cycle_index,step_index,commanded_heater_temp_C,step_duration_ticks,step_duration_ms,heater_heat_stable,sensor_status_raw,gas_resistance_ohm,sensor_temperature_C,sensor_humidity_RH,pressure_Pa,backend,i2c_addr,sample_name,specimen_id,storage,notes,profile_name,profile_hash
2025-10-16T14:50:47.489915+00:00,3,1,210,32,4480,True,176,183053.27,29.07,28.17,100855.41,coines,0x76,Natural Air- HP-502,Office Air,countertop,,HP-502,aac0eeab6dc21836751ca27fe588aa00e7228bce
2025-10-16T14:50:48.273052+00:00,3,2,265,2,280,True,176,82580.65,30.71,28.09,100872.63,coines,0x76,Natural Air- HP-502,Office Air,countertop,,HP-502,aac0eeab6dc21836751ca27fe588aa00e7228bce
2025-10-16T14:50:56.888729+00:00,3,3,265,30,4200,True,176,206826.91,30.45,27.54,100887.8,coines,0x76,Natural Air- HP-502,Office Air,countertop,,HP-502,aac0eeab6dc21836751ca27fe588aa00e7228bce
2025-10-16T14:50:57.669213+00:00,3,4,320,2,280,True,176,111522.55,31.39,27.39,100878.39,coines,0x76,Natural Air- HP-502,Office Air,countertop,,HP-502,aac0eeab6dc21836751ca27fe588aa00e7228bce
2025-10-16T14:51:06.286956+00:00,3,5,320,30,4200,True,176,236489.61,30.77,27.09,100885.44,coines,0x76,Natural Air- HP-502,Office Air,countertop,,HP-502,aac0eeab6dc21836751ca27fe588aa00e7228bce
2025-10-16T14:51:15.467521+00:00,3,6,265,32,4480,True,176,329684.47,29.58,27.21,100851.47,coines,0x76,Natural Air- HP-502,Office Air,countertop,,HP-502,aac0eeab6dc21836751ca27fe588aa00e7228bce
2025-10-16T14:51:24.652998+00:00,3,7,210,32,4480,True,176,425514.22,29.41,27.5,100851.77,coines,0x76,Natural Air- HP-502,Office Air,countertop,,HP-502,aac0eeab6dc21836751ca27fe588aa00e7228bce
2025-10-16T14:51:33.835548+00:00,3,8,155,32,4480,True,176,709386.94,29.18,27.86,100849.67,coines,0x76,Natural Air- HP-502,Office Air,countertop,,HP-502,aac0eeab6dc21836751ca27fe588aa00e7228bce
2025-10-16T14:51:43.016125+00:00,3,9,100,32,4480,True,176,2046465.12,28.85,28.3,100848.7,coines,0x76,Natural Air- HP-502,Office Air,countertop,,HP-502,aac0eeab6dc21836751ca27fe588aa00e7228bce
2025-10-16T14:51:52.200412+00:00,3,10,155,32,4480,True,176,473635.53,29.03,28.19,100852.19,coines,0x76,Natural Air- HP-502,Office Air,countertop,,HP-502,aac0eeab6dc21836751ca27fe588aa00e7228bce
2025-10-16T14:52:01.392455+00:00,4,1,210,32,4480,True,176,197836.17,29.26,27.85,100854.53,coines,0x76,Natural Air- HP-502,Office Air,countertop,,HP-502,aac0eeab6dc21836751ca27fe588aa00e7228bce
2025-10-16T14:52:02.178064+00:00,4,2,265,2,280,True,176,87401.84,30.91,27.9,100867.54,coines,0x76,Natural Air- HP-502,Office Air,countertop,,HP-502,aac0eeab6dc21836751ca27fe588aa00e7228bce
2025-10-16T14:52:10.795673+00:00,4,3,265,30,4200,True,176,218336.89,30.65,27.22,100881.45,coines,0x76,Natural Air- HP-502,Office Air,countertop,,HP-502,aac0eeab6dc21836751ca27fe588aa00e7228bce
2025-10-16T14:52:11.581838+00:00,4,4,320,2,280,True,176,120159.59,31.58,27.18,100876.12,coines,0x76,Natural Air- HP-502,Office Air,countertop,,HP-502,aac0eeab6dc21836751ca27fe588aa00e7228bce
2025-10-16T14:52:20.209285+00:00,4,5,320,30,4200,True,176,259109.31,30.91,26.79,100881.49,coines,0x76,Natural Air- HP-502,Office Air,countertop,,HP-502,aac0eeab6dc21836751ca27fe588aa00e7228bce
2025-10-16T14:52:29.380671+00:00,4,6,265,32,4480,True,176,350325.0,29.76,27.03,100848.05,coines,0x76,Natural Air- HP-502,Office Air,countertop,,HP-502,aac0eeab6dc21836751ca27fe588aa00e7228bce
2025-10-16T14:52:38.562547+00:00,4,7,210,32,4480,True,176,456531.44,29.56,27.23,100847.41,coines,0x76,Natural Air- HP-502,Office Air,countertop,,HP-502,aac0eeab6dc21836751ca27fe588aa00e7228bce
2025-10-16T14:52:47.743862+00:00,4,8,155,32,4480,True,176,777820.0,29.3,27.6,100847.85,coines,0x76,Natural Air- HP-502,Office Air,countertop,,HP-502,aac0eeab6dc21836751ca27fe588aa00e7228bce
2025-10-16T14:52:56.923443+00:00,4,9,100,32,4480,True,176,2256127.75,28.94,28.2,100846.65,coines,0x76,Natural Air- HP-502,Office Air,countertop,,HP-502,aac0eeab6dc21836751ca27fe588aa00e7228bce
2025-10-16T14:53:06.107856+00:00,4,10,155,32,4480,True,176,505554.19,29.14,27.99,100845.31,coines,0x76,Natural Air- HP-502,Office Air,countertop,,HP-502,aac0eeab6dc21836751ca27fe588aa00e7228bce
2025-10-16T14:53:15.282757+00:00,5,1,210,32,4480,True,176,209879.08,29.36,27.71,100848.75,coines,0x76,Natural Air- HP-502,Office Air,countertop,,HP-502,aac0eeab6dc21836751ca27fe588aa00e7228bce
2025-10-16T14:53:16.066614+00:00,5,2,265,2,280,True,176,92119.47,30.94,27.66,100869.14,coines,0x76,Natural Air- HP-502,Office Air,countertop,,HP-502,aac0eeab6dc21836751ca27fe588aa00e7228bce
2025-10-16T14:53:24.678320+00:00,5,3,265,30,4200,True,176,227656.73,30.69,27.06,100881.11,coines,0x76,Natural Air- HP-502,Office Air,countertop,,HP-502,aac0eeab6dc21836751ca27fe588aa00e7228bce
2025-10-16T14:53:25.455457+00:00,5,4,320,2,280,True,176,126764.05,31.64,27.04,100873.54,coines,0x76,Natural Air- HP-502,Office Air,countertop,,HP-502,aac0eeab6dc21836751ca27fe588aa00e7228bce
2025-10-16T14:53:34.068036+00:00,5,5,320,30,4200,True,176,275416.91,30.99,26.72,100880.7,coines,0x76,Natural Air- HP-502,Office Air,countertop,,HP-502,aac0eeab6dc21836751ca27fe588aa00e7228bce
2025-10-16T14:53:43.248101+00:00,5,6,265,32,4480,True,176,377302.88,29.72,26.96,100846.26,coines,0x76,Natural Air- HP-502,Office Air,countertop,,HP-502,aac0eeab6dc21836751ca27fe588aa00e7228bce
2025-10-16T14:53:52.428530+00:00,5,7,210,32,4480,True,176,480638.34,29.53,27.3,100844.59,coines,0x76,Natural Air- HP-502,Office Air,countertop,,HP-502,aac0eeab6dc21836751ca27fe588aa00e7228bce
2025-10-16T14:54:01.613730+00:00,5,8,155,32,4480,True,176,822324.81,29.26,27.62,100849.45,coines,0x76,Natural Air- HP-502,Office Air,countertop,,HP-502,aac0eeab6dc21836751ca27fe588aa00e7228bce
2025-10-16T14:54:10.789850+00:00,5,9,100,32,4480,True,176,2409411.75,28.93,28.29,100848.09,coines,0x76,Natural Air- HP-502,Office Air,countertop,,HP-502,aac0eeab6dc21836751ca27fe588aa00e7228bce
2025-10-16T14:54:19.968981+00:00,5,10,155,32,4480,True,176,533194.5,29.12,28.09,100846.66,coines,0x76,Natural Air- HP-502,Office Air,countertop,,HP-502,aac0eeab6dc21836751ca27fe588aa00e7228bce
2025-10-16T14:54:29.143225+00:00,6,1,210,32,4480,True,176,218756.67,29.39,27.68,100844.82,coines,0x76,Natural Air- HP-502,Office Air,countertop,,HP-502,aac0eeab6dc21836751ca27fe588aa00e7228bce
2025-10-16T14:54:29.924078+00:00,6,2,265,2,280,True,176,98461.54,31.0,27.66,100864.96,coines,0x76,Natural Air- HP-502,Office Air,countertop,,HP-502,aac0eeab6dc21836751ca27fe588aa00e7228bce
2025-10-16T14:54:38.542623+00:00,6,3,265,30,4200,True,176,236817.77,30.76,27.0,100880.3,coines,0x76,Natural Air- HP-502,Office Air,countertop,,HP-502,aac0eeab6dc21836751ca27fe588aa00e7228bce
2025-10-16T14:54:39.326691+00:00,6,4,320,2,280,True,176,131349.41,31.69,26.96,100877.26,coines,0x76,Natural Air- HP-502,Office Air,countertop,,HP-502,aac0eeab6dc21836751ca27fe588aa00e7228bce
2025-10-16T14:54:47.936769+00:00,6,5,320,30,4200,True,176,290661.38,31.1,26.5,100878.53,coines,0x76,Natural Air- HP-502,Office Air,countertop,,HP-502,aac0eeab6dc21836751ca27fe588aa00e7228bce
2025-10-16T14:54:57.121949+00:00,6,6,265,32,4480,True,176,394985.53,29.84,26.75,100846.31,coines,0x76,Natural Air- HP-502,Office Air,countertop,,HP-502,aac0eeab6dc21836751ca27fe588aa00e7228bce
2025-10-16T14:55:06.309743+00:00,6,7,210,32,4480,True,176,504433.5,29.63,27.07,100842.45,coines,0x76,Natural Air- HP-502,Office Air,countertop,,HP-502,aac0eeab6dc21836751ca27fe588aa00e7228bce
2025-10-16T14:55:15.480028+00:00,6,8,155,32,4480,True,176,863406.44,29.45,27.4,100844.21,coines,0x76,Natural Air- HP-502,Office Air,countertop,,HP-502,aac0eeab6dc21836751ca27fe588aa00e7228bce
2025-10-16T14:55:24.668607+00:00,6,9,100,32,4480,True,176,2568025.0,29.12,27.86,100843.44,coines,0x76,Natural Air- HP-502,Office Air,countertop,,HP-502,aac0eeab6dc21836751ca27fe588aa00e7228bce
2025-10-16T14:55:33.845007+00:00,6,10,155,32,4480,True,176,558951.94,29.32,27.73,100847.33,coines,0x76,Natural Air- HP-502,Office Air,countertop,,HP-502,aac0eeab6dc21836751ca27fe588aa00e7228bce
2025-10-16T14:55:43.027413+00:00,7,1,210,32,4480,True,176,224217.2,29.5,27.52,100844.34,coines,0x76,Natural Air- HP-502,Office Air,countertop,,HP-502,aac0eeab6dc21836751ca27fe588aa00e7228bce
2025-10-16T14:55:43.806146+00:00,7,2,265,2,280,True,176,99960.95,31.16,28.02,100867.09,coines,0x76,Natural Air- HP-502,Office Air,countertop,,HP-502,aac0eeab6dc21836751ca27fe588aa00e7228bce
2025-10-16T14:55:52.423602+00:00,7,3,265,30,4200,True,176,239644.28,30.87,27.0,100879.27,coines,0x76,Natural Air- HP-502,Office Air,countertop,,HP-502,aac0eeab6dc21836751ca27fe588aa00e7228bce
2025-10-16T14:55:53.209117+00:00,7,4,320,2,280,True,176,133611.69,31.83,26.92,100875.55,coines,0x76,Natural Air- HP-502,Office Air,countertop,,HP-502,aac0eeab6dc21836751ca27fe588aa00e7228bce
2025-10-16T14:56:01.824019+00:00,7,5,320,30,4200,True,176,300117.22,31.22,26.36,100880.43,coines,0x76,Natural Air- HP-502,Office Air,countertop,,HP-502,aac0eeab6dc21836751ca27fe588aa00e7228bce
2025-10-16T14:56:11.001369+00:00,7,6,265,32,4480,True,176,397053.12,29.99,26.85,100845.31,coines,0x76,Natural Air- HP-502,Office Air,countertop,,HP-502,aac0eeab6dc21836751ca27fe588aa00e7228bce
2025-10-16T14:56:20.191626+00:00,7,7,210,32,4480,True,176,508946.31,29.79,26.97,100843.03,coines,0x76,Natural Air- HP-502,Office Air,countertop,,HP-502,aac0eeab6dc21836751ca27fe588aa00e7228bce
2025-10-16T14:56:29.377276+00:00,7,8,155,32,4480,True,176,882378.31,29.58,27.33,100843.58,coines,0x76,Natural Air- HP-502,Office Air,countertop,,HP-502,aac0eeab6dc21836751ca27fe588aa00e7228bce
2025-10-16T14:56:38.560955+00:00,7,9,100,32,4480,True,176,2614746.25,29.26,27.87,100846.85,coines,0x76,Natural Air- HP-502,Office Air,countertop,,HP-502,aac0eeab6dc21836751ca27fe588aa00e7228bce
2025-10-16T14:56:47.746588+00:00,7,10,155,32,4480,True,176,567784.88,29.41,27.84,100840.75,coines,0x76,Natural Air- HP-502,Office Air,countertop,,HP-502,aac0eeab6dc21836751ca27fe588aa00e7228bce
2025-10-16T14:56:56.919637+00:00,8,1,210,32,4480,True,176,227505.0,29.62,27.36,100841.88,coines,0x76,Natural Air- HP-502,Office Air,countertop,,HP-502,aac0eeab6dc21836751ca27fe588aa00e7228bce
2025-10-16T14:56:57.697501+00:00,8,2,265,2,280,True,176,101870.27,31.23,27.54,100866.18,coines,0x76,Natural Air- HP-502,Office Air,countertop,,HP-502,aac0eeab6dc21836751ca27fe588aa00e7228bce
2025-10-16T14:57:06.307178+00:00,8,3,265,30,4200,True,176,242711.55,30.97,26.77,100877.3,coines,0x76,Natural Air- HP-502,Office Air,countertop,,HP-502,aac0eeab6dc21836751ca27fe588aa00e7228bce
2025-10-16T14:57:07.089440+00:00,8,4,320,2,280,True,176,136825.23,31.88,26.76,100871.73,coines,0x76,Natural Air- HP-502,Office Air,countertop,,HP-502,aac0eeab6dc21836751ca27fe588aa00e7228bce
2025-10-16T14:57:15.713774+00:00,8,5,320,30,4200,True,176,311057.09,31.18,26.4,100876.63,coines,0x76,Natural Air- HP-502,Office Air,countertop,,HP-502,aac0eeab6dc21836751ca27fe588aa00e7228bce
2025-10-16T14:57:24.884079+00:00,8,6,265,32,4480,True,176,411658.28,29.96,26.66,100846.21,coines,0x76,Natural Air- HP-502,Office Air,countertop,,HP-502,aac0eeab6dc21836751ca27fe588aa00e7228bce
2025-10-16T14:57:34.072832+00:00,8,7,210,32,4480,True,176,526613.5,29.76,27.01,100839.75,coines,0x76,Natural Air- HP-502,Office Air,countertop,,HP-502,aac0eeab6dc21836751ca27fe588aa00e7228bce
2025-10-16T14:57:43.242587+00:00,8,8,155,32,4480,True,176,924187.75,29.54,27.39,100838.63,coines,0x76,Natural Air- HP-502,Office Air,countertop,,HP-502,aac0eeab6dc21836751ca27fe588aa00e7228bce
2025-10-16T14:57:52.421718+00:00,8,9,100,32,4480,True,176,2740716.0,29.22,27.96,100839.27,coines,0x76,Natural Air- HP-502,Office Air,countertop,,HP-502,aac0eeab6dc21836751ca27fe588aa00e7228bce
2025-10-16T14:58:01.609104+00:00,8,10,155,32,4480,True,176,590882.88,29.43,27.67,100837.05,coines,0x76,Natural Air- HP-502,Office Air,countertop,,HP-502,aac0eeab6dc21836751ca27fe588aa00e7228bce
2025-10-16T14:58:10.779998+00:00,9,1,210,32,4480,True,176,234057.14,29.67,27.4,100839.34,coines,0x76,Natural Air- HP-502,Office Air,countertop,,HP-502,aac0eeab6dc21836751ca27fe588aa00e7228bce
2025-10-16T14:58:11.564297+00:00,9,2,265,2,280,True,176,104298.23,31.3,27.51,100863.13,coines,0x76,Natural Air- HP-502,Office Air,countertop,,HP-502,aac0eeab6dc21836751ca27fe588aa00e7228bce
2025-10-16T14:58:20.184356+00:00,9,3,265,30,4200,True,176,245152.02,31.02,26.76,100871.1,coines,0x76,Natural Air- HP-502,Office Air,countertop,,HP-502,aac0eeab6dc21836751ca27fe588aa00e7228bce
2025-10-16T14:58:20.973395+00:00,9,4,320,2,280,True,176,138603.14,31.92,26.78,100871.98,coines,0x76,Natural Air- HP-502,Office Air,countertop,,HP-502,aac0eeab6dc21836751ca27fe588aa00e7228bce
2025-10-16T14:58:29.596261+00:00,9,5,320,30,4200,True,176,319202.0,31.27,26.33,100873.55,coines,0x76,Natural Air- HP-502,Office Air,countertop,,HP-502,aac0eeab6dc21836751ca27fe588aa00e7228bce
2025-10-16T14:58:38.770708+00:00,9,6,265,32,4480,True,176,416938.12,30.05,26.61,100845.05,coines,0x76,Natural Air- HP-502,Office Air,countertop,,HP-502,aac0eeab6dc21836751ca27fe588aa00e7228bce
2025-10-16T14:58:47.962375+00:00,9,7,210,32,4480,True,176,539942.0,29.85,26.96,100840.46,coines,0x76,Natural Air- HP-502,Office Air,countertop,,HP-502,aac0eeab6dc21836751ca27fe588aa00e7228bce
2025-10-16T14:58:57.143077+00:00,9,8,155,32,4480,True,176,951230.81,29.59,27.37,100838.15,coines,0x76,Natural Air- HP-502,Office Air,countertop,,HP-502,aac0eeab6dc21836751ca27fe588aa00e7228bce
2025-10-16T14:59:06.329136+00:00,9,9,100,32,4480,True,176,2834602.0,29.24,27.72,100836.77,coines,0x76,Natural Air- HP-502,Office Air,countertop,,HP-502,aac0eeab6dc21836751ca27fe588aa00e7228bce
2025-10-16T14:59:15.508454+00:00,9,10,155,32,4480,True,176,611525.81,29.42,27.66,100837.4,coines,0x76,Natural Air- HP-502,Office Air,countertop,,HP-502,aac0eeab6dc21836751ca27fe588aa00e7228bce
2025-10-16T14:59:24.691404+00:00,10,1,210,32,4480,True,176,239812.64,29.64,27.32,100835.49,coines,0x76,Natural Air- HP-502,Office Air,countertop,,HP-502,aac0eeab6dc21836751ca27fe588aa00e7228bce
2025-10-16T14:59:25.471612+00:00,10,2,265,2,280,True,176,106777.89,31.28,27.55,100857.11,coines,0x76,Natural Air- HP-502,Office Air,countertop,,HP-502,aac0eeab6dc21836751ca27fe588aa00e7228bce
2025-10-16T14:59:34.099696+00:00,10,3,265,30,4200,True,176,245858.34,30.94,26.8,100864.22,coines,0x76,Natural Air- HP-502,Office Air,countertop,,HP-502,aac0eeab6dc21836751ca27fe588aa00e7228bce
2025-10-16T14:59:34.877452+00:00,10,4,320,2,280,True,176,140659.34,31.93,26.89,100864.56,coines,0x76,Natural Air- HP-502,Office Air,countertop,,HP-502,aac0eeab6dc21836751ca27fe588aa00e7228bce
2025-10-16T14:59:43.483593+00:00,10,5,320,30,4200,True,176,323743.28,31.36,26.32,100870.73,coines,0x76,Natural Air- HP-502,Office Air,countertop,,HP-502,aac0eeab6dc21836751ca27fe588aa00e7228bce
2025-10-16T14:59:52.648678+00:00,10,6,265,32,4480,True,176,426311.41,30.08,26.63,100839.12,coines,0x76,Natural Air- HP-502,Office Air,countertop,,HP-502,aac0eeab6dc21836751ca27fe588aa00e7228bce
2025-10-16T15:00:01.821057+00:00,10,7,210,32,4480,True,176,556219.44,29.84,26.88,100838.12,coines,0x76,Natural Air- HP-502,Office Air,countertop,,HP-502,aac0eeab6dc21836751ca27fe588aa00e7228bce
2025-10-16T15:00:11.005395+00:00,10,8,155,32,4480,True,176,968779.56,29.54,27.45,100833.95,coines,0x76,Natural Air- HP-502,Office Air,countertop,,HP-502,aac0eeab6dc21836751ca27fe588aa00e7228bce
2025-10-16T15:00:20.191158+00:00,10,9,100,32,4480,True,176,2931997.25,29.17,27.8,100832.65,coines,0x76,Natural Air- HP-502,Office Air,countertop,,HP-502,aac0eeab6dc21836751ca27fe588aa00e7228bce
2025-10-16T15:00:29.378738+00:00,10,10,155,32,4480,True,176,625534.5,29.36,27.75,100833.45,coines,0x76,Natural Air- HP-502,Office Air,countertop,,HP-502,aac0eeab6dc21836751ca27fe588aa00e7228bce
2025-10-16T15:00:38.558292+00:00,11,1,210,32,4480,True,176,248362.84,29.59,27.44,100836.31,coines,0x76,Natural Air- HP-502,Office Air,countertop,,HP-502,aac0eeab6dc21836751ca27fe588aa00e7228bce
2025-10-16T15:00:39.340732+00:00,11,2,265,2,280,True,176,109308.28,31.23,27.45,100859.15,coines,0x76,Natural Air- HP-502,Office Air,countertop,,HP-502,aac0eeab6dc21836751ca27fe588aa00e7228bce
2025-10-16T15:00:47.972817+00:00,11,3,265,30,4200,True,176,253152.05,30.9,26.71,100866.3,coines,0x76,Natural Air- HP-502,Office Air,countertop,,HP-502,aac0eeab6dc21836751ca27fe588aa00e7228bce
2025-10-16T15:00:48.750003+00:00,11,4,320,2,280,True,176,142538.97,31.91,26.72,100867.27,coines,0x76,Natural Air- HP-502,Office Air,countertop,,HP-502,aac0eeab6dc21836751ca27fe588aa00e7228bce
2025-10-16T15:00:57.364821+00:00,11,5,320,30,4200,True,176,331928.69,31.29,26.31,100871.99,coines,0x76,Natural Air- HP-502,Office Air,countertop,,HP-502,aac0eeab6dc21836751ca27fe588aa00e7228bce
2025-10-16T15:01:06.541836+00:00,11,6,265,32,4480,True,176,439484.97,30.04,26.64,100842.72,coines,0x76,Natural Air- HP-502,Office Air,countertop,,HP-502,aac0eeab6dc21836751ca27fe588aa00e7228bce
2025-10-16T15:01:15.730429+00:00,11,7,210,32,4480,True,176,574474.06,29.78,26.85,100838.41,coines,0x76,Natural Air- HP-502,Office Air,countertop,,HP-502,aac0eeab6dc21836751ca27fe588aa00e7228bce
2025-10-16T15:01:24.916522+00:00,11,8,155,32,4480,True,176,1017892.62,29.56,27.56,100835.73,coines,0x76,Natural Air- HP-502,Office Air,countertop,,HP-502,aac0eeab6dc21836751ca27fe588aa00e7228bce
2025-10-16T15:01:34.088950+00:00,11,9,100,32,4480,True,176,3100681.25,29.23,28.1,100838.91,coines,0x76,Natural Air- HP-502,Office Air,countertop,,HP-502,aac0eeab6dc21836751ca27fe588aa00e7228bce
2025-10-16T15:01:43.259780+00:00,11,10,155,32,4480,True,176,651192.38,29.42,27.64,100838.78,coines,0x76,Natural Air- HP-502,Office Air,countertop,,HP-502,aac0eeab6dc21836751ca27fe588aa00e7228bce
2025-10-16T15:01:52.432159+00:00,12,1,210,32,4480,True,176,253152.05,29.61,27.42,100838.32,coines,0x76,Natural Air- HP-502,Office Air,countertop,,HP-502,aac0eeab6dc21836751ca27fe588aa00e7228bce
2025-10-16T15:01:53.214708+00:00,12,2,265,2,280,True,176,111741.59,31.27,27.32,100856.92,coines,0x76,Natural Air- HP-502,Office Air,countertop,,HP-502,aac0eeab6dc21836751ca27fe588aa00e7228bce
2025-10-16T15:02:01.838623+00:00,12,3,265,30,4200,True,176,256000.0,31.01,26.68,100868.09,coines,0x76,Natural Air- HP-502,Office Air,countertop,,HP-502,aac0eeab6dc21836751ca27fe588aa00e7228bce
2025-10-16T15:02:02.617344+00:00,12,4,320,2,280,True,176,144591.92,31.92,26.68,100863.55,coines,0x76,Natural Air- HP-502,Office Air,countertop,,HP-502,aac0eeab6dc21836751ca27fe588aa00e7228bce
2025-10-16T15:02:11.234242+00:00,12,5,320,30,4200,True,176,340199.34,31.27,26.35,100871.5,coines,0x76,Natural Air- HP-502,Office Air,countertop,,HP-502,aac0eeab6dc21836751ca27fe588aa00e7228bce
2025-10-16T15:02:20.409366+00:00,12,6,265,32,4480,True,176,446381.88,30.06,26.61,100839.42,coines,0x76,Natural Air- HP-502,Office Air,countertop,,HP-502,aac0eeab6dc21836751ca27fe588aa00e7228bce
2025-10-16T15:02:29.591596+00:00,12,7,210,32,4480,True,176,584308.12,29.84,26.89,100835.92,coines,0x76,Natural Air- HP-502,Office Air,countertop,,HP-502,aac0eeab6dc21836751ca27fe588aa00e7228bce
2025-10-16T15:02:38.770821+00:00,12,8,155,32,4480,True,176,1054854.5,29.62,27.19,100837.45,coines,0x76,Natural Air- HP-502,Office Air,countertop,,HP-502,aac0eeab6dc21836751ca27fe588aa00e7228bce
2025-10-16T15:02:47.961015+00:00,12,9,100,32,4480,True,176,3244356.5,29.23,27.89,100836.94,coines,0x76,Natural Air- HP-502,Office Air,countertop,,HP-502,aac0eeab6dc21836751ca27fe588aa00e7228bce
2025-10-16T15:02:57.128105+00:00,12,10,155,32,4480,True,176,679045.06,29.39,27.63,100833.45,coines,0x76,Natural Air- HP-502,Office Air,countertop,,HP-502,aac0eeab6dc21836751ca27fe588aa00e7228bce
2025-10-16T15:03:06.312959+00:00,13,1,210,32,4480,True,176,256963.61,29.59,27.36,100835.98,coines,0x76,Natural Air- HP-502,Office Air,countertop,,HP-502,aac0eeab6dc21836751ca27fe588aa00e7228bce
2025-10-16T15:03:07.088273+00:00,13,2,265,2,280,True,176,113450.03,31.2,27.49,100852.38,coines,0x76,Natural Air- HP-502,Office Air,countertop,,HP-502,aac0eeab6dc21836751ca27fe588aa00e7228bce
2025-10-16T15:03:15.708277+00:00,13,3,265,30,4200,True,176,256384.58,30.92,26.98,100861.84,coines,0x76,Natural Air- HP-502,Office Air,countertop,,HP-502,aac0eeab6dc21836751ca27fe588aa00e7228bce
2025-10-16T15:03:16.487453+00:00,13,4,320,2,280,True,176,146077.03,31.89,26.86,100861.12,coines,0x76,Natural Air- HP-502,Office Air,countertop,,HP-502,aac0eeab6dc21836751ca27fe588aa00e7228bce
2025-10-16T15:03:25.109419+00:00,13,5,320,30,4200,True,176,343278.59,31.22,26.42,100867.71,coines,0x76,Natural Air- HP-502,Office Air,countertop,,HP-502,aac0eeab6dc21836751ca27fe588aa00e7228bce
2025-10-16T15:03:34.283580+00:00,13,6,265,32,4480,True,176,446381.88,30.05,26.76,100838.4,coines,0x76,Natural Air- HP-502,Office Air,countertop,,HP-502,aac0eeab6dc21836751ca27fe588aa00e7228bce
2025-10-16T15:03:43.455038+00:00,13,7,210,32,4480,True,176,586315.5,29.82,26.99,100838.83,coines,0x76,Natural Air- HP-502,Office Air,countertop,,HP-502,aac0eeab6dc21836751ca27fe588aa00e7228bce
2025-10-16T15:03:52.621805+00:00,13,8,155,32,4480,True,176,1051604.62,29.6,27.44,100835.34,coines,0x76,Natural Air- HP-502,Office Air,countertop,,HP-502,aac0eeab6dc21836751ca27fe588aa00e7228bce
2025-10-16T15:04:01.800973+00:00,13,9,100,32,4480,True,176,3279423.5,29.23,27.8,100837.58,coines,0x76,Natural Air- HP-502,Office Air,countertop,,HP-502,aac0eeab6dc21836751ca27fe588aa00e7228bce
2025-10-16T15:04:10.983434+00:00,13,10,155,32,4480,True,176,677024.81,29.45,27.75,100831.48,coines,0x76,Natural Air- HP-502,Office Air,countertop,,HP-502,aac0eeab6dc21836751ca27fe588aa00e7228bce
2025-10-16T15:04:20.172179+00:00,14,1,210,32,4480,True,176,260891.72,29.62,27.3,100833.6,coines,0x76,Natural Air- HP-502,Office Air,countertop,,HP-502,aac0eeab6dc21836751ca27fe588aa00e7228bce
2025-10-16T15:04:20.953786+00:00,14,2,265,2,280,True,176,113828.37,31.27,27.58,100853.85,coines,0x76,Natural Air- HP-502,Office Air,countertop,,HP-502,aac0eeab6dc21836751ca27fe588aa00e7228bce
2025-10-16T15:04:29.577084+00:00,14,3,265,30,4200,True,176,256770.31,31.01,26.93,100864.59,coines,0x76,Natural Air- HP-502,Office Air,countertop,,HP-502,aac0eeab6dc21836751ca27fe588aa00e7228bce
2025-10-16T15:04:30.356827+00:00,14,4,320,2,280,True,176,145702.91,31.91,26.85,100862.22,coines,0x76,Natural Air- HP-502,Office Air,countertop,,HP-502,aac0eeab6dc21836751ca27fe588aa00e7228bce
2025-10-16T15:04:38.977977+00:00,14,5,320,30,4200,True,176,349965.81,31.22,26.31,100867.89,coines,0x76,Natural Air- HP-502,Office Air,countertop,,HP-502,aac0eeab6dc21836751ca27fe588aa00e7228bce
2025-10-16T15:04:48.161144+00:00,14,6,265,32,4480,True,176,456836.94,30.0,26.85,100839.41,coines,0x76,Natural Air- HP-502,Office Air,countertop,,HP-502,aac0eeab6dc21836751ca27fe588aa00e7228bce
2025-10-16T15:04:57.345671+00:00,14,7,210,32,4480,True,176,602884.88,29.83,27.09,100836.28,coines,0x76,Natural Air- HP-502,Office Air,countertop,,HP-502,aac0eeab6dc21836751ca27fe588aa00e7228bce
2025-10-16T15:05:06.529080+00:00,14,8,155,32,4480,True,176,1082452.38,29.57,27.33,100835.07,coines,0x76,Natural Air- HP-502,Office Air,countertop,,HP-502,aac0eeab6dc21836751ca27fe588aa00e7228bce
2025-10-16T15:05:15.697681+00:00,14,9,100,32,4480,True,176,3387223.5,29.24,27.81,100834.7,coines,0x76,Natural Air- HP-502,Office Air,countertop,,HP-502,aac0eeab6dc21836751ca27fe588aa00e7228bce
2025-10-16T15:05:24.873696+00:00,14,10,155,32,4480,True,176,697072.81,29.39,27.77,100831.44,coines,0x76,Natural Air- HP-502,Office Air,countertop,,HP-502,aac0eeab6dc21836751ca27fe588aa00e7228bce
2025-10-16T15:05:34.049991+00:00,15,1,210,32,4480,True,176,266597.25,29.61,27.41,100837.91,coines,0x76,Natural Air- HP-502,Office Air,countertop,,HP-502,aac0eeab6dc21836751ca27fe588aa00e7228bce
2025-10-16T15:05:34.824420+00:00,15,2,265,2,280,True,176,116948.38,31.23,27.34,100858.5,coines,0x76,Natural Air- HP-502,Office Air,countertop,,HP-502,aac0eeab6dc21836751ca27fe588aa00e7228bce
2025-10-16T15:05:43.435522+00:00,15,3,265,30,4200,True,176,262093.67,30.91,26.74,100873.1,coines,0x76,Natural Air- HP-502,Office Air,countertop,,HP-502,aac0eeab6dc21836751ca27fe588aa00e7228bce
2025-10-16T15:05:44.216403+00:00,15,4,320,2,280,True,176,148233.94,31.84,26.73,100871.1,coines,0x76,Natural Air- HP-502,Office Air,countertop,,HP-502,aac0eeab6dc21836751ca27fe588aa00e7228bce
2025-10-16T15:05:52.835145+00:00,15,5,320,30,4200,True,176,352132.06,31.2,26.39,100874.35,coines,0x76,Natural Air- HP-502,Office Air,countertop,,HP-502,aac0eeab6dc21836751ca27fe588aa00e7228bce
2025-10-16T15:06:02.029526+00:00,15,6,265,32,4480,True,176,463034.12,30.01,26.68,100843.57,coines,0x76,Natural Air- HP-502,Office Air,countertop,,HP-502,aac0eeab6dc21836751ca27fe588aa00e7228bce
2025-10-16T15:06:11.210549+00:00,15,7,210,32,4480,True,176,620982.44,29.83,26.91,100839.44,coines,0x76,Natural Air- HP-502,Office Air,countertop,,HP-502,aac0eeab6dc21836751ca27fe588aa00e7228bce
2025-10-16T15:06:20.388742+00:00,15,8,155,32,4480,True,176,1122499.38,29.57,27.33,100838.97,coines,0x76,Natural Air- HP-502,Office Air,countertop,,HP-502,aac0eeab6dc21836751ca27fe588aa00e7228bce
2025-10-16T15:06:29.567120+00:00,15,9,100,32,4480,True,176,3529513.25,29.2,27.82,100839.19,coines,0x76,Natural Air- HP-502,Office Air,countertop,,HP-502,aac0eeab6dc21836751ca27fe588aa00e7228bce
2025-10-16T15:06:38.753158+00:00,15,10,155,32,4480,True,176,722908.56,29.38,27.68,100839.46,coines,0x76,Natural Air- HP-502,Office Air,countertop,,HP-502,aac0eeab6dc21836751ca27fe588aa00e7228bce
2025-10-16T15:06:47.932827+00:00,16,1,210,32,4480,True,176,273650.47,29.6,27.3,100838.45,coines,0x76,Natural Air- HP-502,Office Air,countertop,,HP-502,aac0eeab6dc21836751ca27fe588aa00e7228bce
2025-10-16T15:06:48.717278+00:00,16,2,265,2,280,True,176,118162.94,31.24,27.34,100855.58,coines,0x76,Natural Air- HP-502,Office Air,countertop,,HP-502,aac0eeab6dc21836751ca27fe588aa00e7228bce
2025-10-16T15:06:57.340376+00:00,16,3,265,30,4200,True,176,264736.31,30.9,26.74,100869.48,coines,0x76,Natural Air- HP-502,Office Air,countertop,,HP-502,aac0eeab6dc21836751ca27fe588aa00e7228bce
2025-10-16T15:06:58.123120+00:00,16,4,320,2,280,True,176,149401.81,31.83,26.79,100866.92,coines,0x76,Natural Air- HP-502,Office Air,countertop,,HP-502,aac0eeab6dc21836751ca27fe588aa00e7228bce
2025-10-16T15:07:06.751163+00:00,16,5,320,30,4200,True,176,347826.09,31.13,26.5,100870.34,coines,0x76,Natural Air- HP-502,Office Air,countertop,,HP-502,aac0eeab6dc21836751ca27fe588aa00e7228bce
2025-10-16T15:07:15.934387+00:00,16,6,265,32,4480,True,176,462720.28,29.89,26.92,100839.66,coines,0x76,Natural Air- HP-502,Office Air,countertop,,HP-502,aac0eeab6dc21836751ca27fe588aa00e7228bce
2025-10-16T15:07:25.115451+00:00,16,7,210,32,4480,True,176,622681.69,29.71,27.16,100837.84,coines,0x76,Natural Air- HP-502,Office Air,countertop,,HP-502,aac0eeab6dc21836751ca27fe588aa00e7228bce
2025-10-16T15:07:34.307523+00:00,16,8,155,32,4480,True,176,1135569.75,29.45,27.55,100834.59,coines,0x76,Natural Air- HP-502,Office Air,countertop,,HP-502,aac0eeab6dc21836751ca27fe588aa00e7228bce
2025-10-16T15:07:43.504265+00:00,16,9,100,32,4480,True,176,3550162.5,29.1,28.01,100837.67,coines,0x76,Natural Air- HP-502,Office Air,countertop,,HP-502,aac0eeab6dc21836751ca27fe588aa00e7228bce
2025-10-16T15:07:52.681602+00:00,16,10,155,32,4480,True,176,728307.25,29.32,27.8,100846.42,coines,0x76,Natural Air- HP-502,Office Air,countertop,,HP-502,aac0eeab6dc21836751ca27fe588aa00e7228bce
2025-10-16T15:08:01.869606+00:00,17,1,210,32,4480,True,176,273870.03,29.53,27.47,100837.34,coines,0x76,Natural Air- HP-502,Office Air,countertop,,HP-502,aac0eeab6dc21836751ca27fe588aa00e7228bce
2025-10-16T15:08:02.650134+00:00,17,2,265,2,280,True,176,117836.59,31.14,27.53,100860.58,coines,0x76,Natural Air- HP-502,Office Air,countertop,,HP-502,aac0eeab6dc21836751ca27fe588aa00e7228bce
2025-10-16T15:08:11.283446+00:00,17,3,265,30,4200,True,176,263917.53,30.82,26.89,100867.52,coines,0x76,Natural Air- HP-502,Office Air,countertop,,HP-502,aac0eeab6dc21836751ca27fe588aa00e7228bce
2025-10-16T15:08:12.060506+00:00,17,4,320,2,280,True,176,150322.95,31.79,26.87,100861.53,coines,0x76,Natural Air- HP-502,Office Air,countertop,,HP-502,aac0eeab6dc21836751ca27fe588aa00e7228bce
2025-10-16T15:08:20.682148+00:00,17,5,320,30,4200,True,176,359172.22,31.13,26.46,100864.61,coines,0x76,Natural Air- HP-502,Office Air,countertop,,HP-502,aac0eeab6dc21836751ca27fe588aa00e7228bce
2025-10-16T15:08:29.864918+00:00,17,6,265,32,4480,True,176,474623.41,29.91,26.82,100833.76,coines,0x76,Natural Air- HP-502,Office Air,countertop,,HP-502,aac0eeab6dc21836751ca27fe588aa00e7228bce
2025-10-16T15:08:39.043923+00:00,17,7,210,32,4480,True,176,630153.88,29.73,27.26,100831.52,coines,0x76,Natural Air- HP-502,Office Air,countertop,,HP-502,aac0eeab6dc21836751ca27fe588aa00e7228bce
2025-10-16T15:08:48.234215+00:00,17,8,155,32,4480,True,176,1151856.0,29.48,27.52,100829.4,coines,0x76,Natural Air- HP-502,Office Air,countertop,,HP-502,aac0eeab6dc21836751ca27fe588aa00e7228bce
2025-10-16T15:08:57.409952+00:00,17,9,100,32,4480,True,176,3623175.5,29.11,28.09,100831.92,coines,0x76,Natural Air- HP-502,Office Air,countertop,,HP-502,aac0eeab6dc21836751ca27fe588aa00e7228bce
2025-10-16T15:09:06.593951+00:00,17,10,155,32,4480,True,176,744186.06,29.27,27.92,100835.8,coines,0x76,Natural Air- HP-502,Office Air,countertop,,HP-502,aac0eeab6dc21836751ca27fe588aa00e7228bce
2025-10-16T15:09:15.773513+00:00,18,1,210,32,4480,True,176,278563.66,29.46,27.61,100832.09,coines,0x76,Natural Air- HP-502,Office Air,countertop,,HP-502,aac0eeab6dc21836751ca27fe588aa00e7228bce
2025-10-16T15:09:16.556179+00:00,18,2,265,2,280,True,176,122050.06,31.09,27.69,100854.18,coines,0x76,Natural Air- HP-502,Office Air,countertop,,HP-502,aac0eeab6dc21836751ca27fe588aa00e7228bce
2025-10-16T15:09:25.188209+00:00,18,3,265,30,4200,True,176,265353.72,30.74,27.0,100867.79,coines,0x76,Natural Air- HP-502,Office Air,countertop,,HP-502,aac0eeab6dc21836751ca27fe588aa00e7228bce
2025-10-16T15:09:25.968891+00:00,18,4,320,2,280,True,176,150721.22,31.73,27.02,100863.41,coines,0x76,Natural Air- HP-502,Office Air,countertop,,HP-502,aac0eeab6dc21836751ca27fe588aa00e7228bce
2025-10-16T15:09:34.596047+00:00,18,5,320,30,4200,True,176,361837.47,31.08,26.72,100867.35,coines,0x76,Natural Air- HP-502,Office Air,countertop,,HP-502,aac0eeab6dc21836751ca27fe588aa00e7228bce
2025-10-16T15:09:43.781515+00:00,18,6,265,32,4480,True,176,477946.31,29.86,26.92,100837.7,coines,0x76,Natural Air- HP-502,Office Air,countertop,,HP-502,aac0eeab6dc21836751ca27fe588aa00e7228bce
2025-10-16T15:09:52.967595+00:00,18,7,210,32,4480,True,176,647486.56,29.68,27.08,100835.61,coines,0x76,Natural Air- HP-502,Office Air,countertop,,HP-502,aac0eeab6dc21836751ca27fe588aa00e7228bce
2025-10-16T15:10:02.154668+00:00,18,8,155,32,4480,True,176,1182789.5,29.42,27.68,100832.62,coines,0x76,Natural Air- HP-502,Office Air,countertop,,HP-502,aac0eeab6dc21836751ca27fe588aa00e7228bce
2025-10-16T15:10:11.323912+00:00,18,9,100,32,4480,True,176,3739785.5,29.1,28.09,100834.16,coines,0x76,Natural Air- HP-502,Office Air,countertop,,HP-502,aac0eeab6dc21836751ca27fe588aa00e7228bce
2025-10-16T15:10:20.507987+00:00,18,10,155,32,4480,True,176,762188.31,29.24,27.94,100836.34,coines,0x76,Natural Air- HP-502,Office Air,countertop,,HP-502,aac0eeab6dc21836751ca27fe588aa00e7228bce
2025-10-16T15:10:29.691033+00:00,19,1,210,32,4480,True,176,281087.03,29.47,27.83,100838.23,coines,0x76,Natural Air- HP-502,Office Air,countertop,,HP-502,aac0eeab6dc21836751ca27fe588aa00e7228bce
2025-10-16T15:10:30.474348+00:00,19,2,265,2,280,True,176,121701.92,31.11,27.61,100860.85,coines,0x76,Natural Air- HP-502,Office Air,countertop,,HP-502,aac0eeab6dc21836751ca27fe588aa00e7228bce
2025-10-16T15:10:39.099338+00:00,19,3,265,30,4200,True,176,267852.47,30.83,26.97,100875.41,coines,0x76,Natural Air- HP-502,Office Air,countertop,,HP-502,aac0eeab6dc21836751ca27fe588aa00e7228bce
2025-10-16T15:10:39.878080+00:00,19,4,320,2,280,True,176,151793.66,31.73,26.99,100868.43,coines,0x76,Natural Air- HP-502,Office Air,countertop,,HP-502,aac0eeab6dc21836751ca27fe588aa00e7228bce
2025-10-16T15:10:48.494192+00:00,19,5,320,30,4200,True,176,362991.84,31.1,26.62,100873.59,coines,0x76,Natural Air- HP-502,Office Air,countertop,,HP-502,aac0eeab6dc21836751ca27fe588aa00e7228bce
2025-10-16T15:10:57.677038+00:00,19,6,265,32,4480,True,176,473635.53,29.9,27.23,100842.06,coines,0x76,Natural Air- HP-502,Office Air,countertop,,HP-502,aac0eeab6dc21836751ca27fe588aa00e7228bce
2025-10-16T15:11:06.866689+00:00,19,7,210,32,4480,True,176,645649.44,29.72,27.18,100838.13,coines,0x76,Natural Air- HP-502,Office Air,countertop,,HP-502,aac0eeab6dc21836751ca27fe588aa00e7228bce
2025-10-16T15:11:16.053059+00:00,19,8,155,32,4480,True,176,1190005.75,29.46,27.45,100836.27,coines,0x76,Natural Air- HP-502,Office Air,countertop,,HP-502,aac0eeab6dc21836751ca27fe588aa00e7228bce
2025-10-16T15:11:25.238141+00:00,19,9,100,32,4480,True,176,3755214.25,29.15,28.07,100836.33,coines,0x76,Natural Air- HP-502,Office Air,countertop,,HP-502,aac0eeab6dc21836751ca27fe588aa00e7228bce
2025-10-16T15:11:34.430492+00:00,19,10,155,32,4480,True,176,761763.06,29.37,27.84,100835.35,coines,0x76,Natural Air- HP-502,Office Air,countertop,,HP-502,aac0eeab6dc21836751ca27fe588aa00e7228bce
2025-10-16T15:11:43.613423+00:00,20,1,210,32,4480,True,176,279705.0,29.61,27.6,100836.66,coines,0x76,Natural Air- HP-502,Office Air,countertop,,HP-502,aac0eeab6dc21836751ca27fe588aa00e7228bce
2025-10-16T15:11:44.392066+00:00,20,2,265,2,280,True,176,121615.2,31.25,27.78,100859.96,coines,0x76,Natural Air- HP-502,Office Air,countertop,,HP-502,aac0eeab6dc21836751ca27fe588aa00e7228bce
2025-10-16T15:11:53.008995+00:00,20,3,265,30,4200,True,176,265560.16,31.01,26.99,100872.89,coines,0x76,Natural Air- HP-502,Office Air,countertop,,HP-502,aac0eeab6dc21836751ca27fe588aa00e7228bce
2025-10-16T15:11:53.791472+00:00,20,4,320,2,280,True,176,151255.55,31.9,26.77,100870.34,coines,0x76,Natural Air- HP-502,Office Air,countertop,,HP-502,aac0eeab6dc21836751ca27fe588aa00e7228bce
2025-10-16T15:12:02.398270+00:00,20,5,320,30,4200,True,176,363378.28,31.33,26.42,100874.82,coines,0x76,Natural Air- HP-502,Office Air,countertop,,HP-502,aac0eeab6dc21836751ca27fe588aa00e7228bce
2025-10-16T15:12:11.581869+00:00,20,6,265,32,4480,True,176,484389.78,30.07,26.61,100843.95,coines,0x76,Natural Air- HP-502,Office Air,countertop,,HP-502,aac0eeab6dc21836751ca27fe588aa00e7228bce
2025-10-16T15:12:20.774427+00:00,20,7,210,32,4480,True,176,659368.94,29.85,26.91,100839.07,coines,0x76,Natural Air- HP-502,Office Air,countertop,,HP-502,aac0eeab6dc21836751ca27fe588aa00e7228bce
2025-10-16T15:12:29.962887+00:00,20,8,155,32,4480,True,176,1215430.25,29.64,27.23,100837.27,coines,0x76,Natural Air- HP-502,Office Air,countertop,,HP-502,aac0eeab6dc21836751ca27fe588aa00e7228bce
2025-10-16T15:12:39.137034+00:00,20,9,100,32,4480,True,176,3866887.0,29.3,27.99,100838.7,coines,0x76,Natural Air- HP-502,Office Air,countertop,,HP-502,aac0eeab6dc21836751ca27fe588aa00e7228bce
2025-10-16T15:12:48.306530+00:00,20,10,155,32,4480,True,176,783623.5,29.48,27.66,100837.97,coines,0x76,Natural Air- HP-502,Office Air,countertop,,HP-502,aac0eeab6dc21836751ca27fe588aa00e7228bce
2025-10-16T15:12:57.482904+00:00,21,1,210,32,4480,True,176,288694.66,29.71,27.3,100838.27,coines,0x76,Natural Air- HP-502,Office Air,countertop,,HP-502,aac0eeab6dc21836751ca27fe588aa00e7228bce
2025-10-16T15:12:58.270480+00:00,21,2,265,2,280,True,176,123731.27,31.31,27.49,100862.18,coines,0x76,Natural Air- HP-502,Office Air,countertop,,HP-502,aac0eeab6dc21836751ca27fe588aa00e7228bce
2025-10-16T15:13:06.891882+00:00,21,3,265,30,4200,True,176,267223.38,30.98,26.71,100866.29,coines,0x76,Natural Air- HP-502,Office Air,countertop,,HP-502,aac0eeab6dc21836751ca27fe588aa00e7228bce
2025-10-16T15:13:07.671947+00:00,21,4,320,2,280,True,176,151121.61,31.99,26.95,100866.09,coines,0x76,Natural Air- HP-502,Office Air,countertop,,HP-502,aac0eeab6dc21836751ca27fe588aa00e7228bce
2025-10-16T15:13:16.293570+00:00,21,5,320,30,4200,True,176,376055.81,31.31,26.33,100872.25,coines,0x76,Natural Air- HP-502,Office Air,countertop,,HP-502,aac0eeab6dc21836751ca27fe588aa00e7228bce
2025-10-16T15:13:25.468674+00:00,21,6,265,32,4480,True,176,487502.97,30.08,26.53,100842.62,coines,0x76,Natural Air- HP-502,Office Air,countertop,,HP-502,aac0eeab6dc21836751ca27fe588aa00e7228bce
2025-10-16T15:13:34.656018+00:00,21,7,210,32,4480,True,176,665151.0,29.87,26.86,100840.54,coines,0x76,Natural Air- HP-502,Office Air,countertop,,HP-502,aac0eeab6dc21836751ca27fe588aa00e7228bce
2025-10-16T15:13:43.828340+00:00,21,8,155,32,4480,True,176,1238584.88,29.66,27.23,100834.16,coines,0x76,Natural Air- HP-502,Office Air,countertop,,HP-502,aac0eeab6dc21836751ca27fe588aa00e7228bce
2025-10-16T15:13:53.004979+00:00,21,9,100,32,4480,True,176,3925251.5,29.33,27.73,100830.2,coines,0x76,Natural Air- HP-502,Office Air,countertop,,HP-502,aac0eeab6dc21836751ca27fe588aa00e7228bce
2025-10-16T15:14:02.194423+00:00,21,10,155,32,4480,True,176,792723.06,29.48,27.6,100831.21,coines,0x76,Natural Air- HP-502,Office Air,countertop,,HP-502,aac0eeab6dc21836751ca27fe588aa00e7228bce
2025-10-16T15:14:11.387717+00:00,22,1,210,32,4480,True,176,291405.81,29.66,27.33,100832.71,coines,0x76,Natural Air- HP-502,Office Air,countertop,,HP-502,aac0eeab6dc21836751ca27fe588aa00e7228bce
2025-10-16T15:14:12.165269+00:00,22,2,265,2,280,True,176,126576.02,31.3,27.4,100854.42,coines,0x76,Natural Air- HP-502,Office Air,countertop,,HP-502,aac0eeab6dc21836751ca27fe588aa00e7228bce
2025-10-16T15:14:20.789433+00:00,22,3,265,30,4200,True,176,270613.09,30.99,26.84,100862.2,coines,0x76,Natural Air- HP-502,Office Air,countertop,,HP-502,aac0eeab6dc21836751ca27fe588aa00e7228bce
2025-10-16T15:14:21.563923+00:00,22,4,320,2,280,True,176,152471.7,31.96,26.69,100858.27,coines,0x76,Natural Air- HP-502,Office Air,countertop,,HP-502,aac0eeab6dc21836751ca27fe588aa00e7228bce
2025-10-16T15:14:30.175034+00:00,22,5,320,30,4200,True,176,379189.03,31.34,26.24,100869.38,coines,0x76,Natural Air- HP-502,Office Air,countertop,,HP-502,aac0eeab6dc21836751ca27fe588aa00e7228bce
2025-10-16T15:14:39.356743+00:00,22,6,265,32,4480,True,176,491362.75,30.05,26.6,100837.31,coines,0x76,Natural Air- HP-502,Office Air,countertop,,HP-502,aac0eeab6dc21836751ca27fe588aa00e7228bce
2025-10-16T15:14:48.539564+00:00,22,7,210,32,4480,True,176,678370.31,29.86,26.94,100834.88,coines,0x76,Natural Air- HP-502,Office Air,countertop,,HP-502,aac0eeab6dc21836751ca27fe588aa00e7228bce
2025-10-16T15:14:57.721808+00:00,22,8,155,32,4480,True,176,1262638.75,29.6,27.31,100834.2,coines,0x76,Natural Air- HP-502,Office Air,countertop,,HP-502,aac0eeab6dc21836751ca27fe588aa00e7228bce
2025-10-16T15:15:06.895932+00:00,22,9,100,32,4480,True,176,4035468.0,29.28,27.77,100833.77,coines,0x76,Natural Air- HP-502,Office Air,countertop,,HP-502,aac0eeab6dc21836751ca27fe588aa00e7228bce
2025-10-16T15:15:16.082787+00:00,22,10,155,32,4480,True,176,812537.19,29.41,27.66,100832.5,coines,0x76,Natural Air- HP-502,Office Air,countertop,,HP-502,aac0eeab6dc21836751ca27fe588aa00e7228bce
2025-10-16T15:15:25.256021+00:00,23,1,210,32,4480,True,176,295953.75,29.66,27.3,100835.0,coines,0x76,Natural Air- HP-502,Office Air,countertop,,HP-502,aac0eeab6dc21836751ca27fe588aa00e7228bce
2025-10-16T15:15:26.028758+00:00,23,2,265,2,280,True,176,127426.58,31.31,27.29,100847.02,coines,0x76,Natural Air- HP-502,Office Air,countertop,,HP-502,aac0eeab6dc21836751ca27fe588aa00e7228bce
2025-10-16T15:15:34.645734+00:00,23,3,265,30,4200,True,176,271690.09,30.96,26.69,100859.34,coines,0x76,Natural Air- HP-502,Office Air,countertop,,HP-502,aac0eeab6dc21836751ca27fe588aa00e7228bce
2025-10-16T15:15:35.427223+00:00,23,4,320,2,280,True,176,153846.16,31.92,26.64,100860.31,coines,0x76,Natural Air- HP-502,Office Air,countertop,,HP-502,aac0eeab6dc21836751ca27fe588aa00e7228bce
2025-10-16T15:15:44.052457+00:00,23,5,320,30,4200,True,176,382374.91,31.29,26.23,100865.14,coines,0x76,Natural Air- HP-502,Office Air,countertop,,HP-502,aac0eeab6dc21836751ca27fe588aa00e7228bce
2025-10-16T15:15:53.233904+00:00,23,6,265,32,4480,True,176,497087.38,30.04,26.53,100833.36,coines,0x76,Natural Air- HP-502,Office Air,countertop,,HP-502,aac0eeab6dc21836751ca27fe588aa00e7228bce
2025-10-16T15:16:02.415997+00:00,23,7,210,32,4480,True,176,681757.69,29.84,26.97,100833.45,coines,0x76,Natural Air- HP-502,Office Air,countertop,,HP-502,aac0eeab6dc21836751ca27fe588aa00e7228bce
2025-10-16T15:16:11.593082+00:00,23,8,155,32,4480,True,176,1284012.5,29.63,27.21,100829.8,coines,0x76,Natural Air- HP-502,Office Air,countertop,,HP-502,aac0eeab6dc21836751ca27fe588aa00e7228bce
2025-10-16T15:16:20.766116+00:00,23,9,100,32,4480,True,176,4105236.75,29.25,27.81,100829.87,coines,0x76,Natural Air- HP-502,Office Air,countertop,,HP-502,aac0eeab6dc21836751ca27fe588aa00e7228bce
2025-10-16T15:16:29.946727+00:00,23,10,155,32,4480,True,176,826806.62,29.41,27.64,100831.46,coines,0x76,Natural Air- HP-502,Office Air,countertop,,HP-502,aac0eeab6dc21836751ca27fe588aa00e7228bce
2025-10-16T15:16:39.123591+00:00,24,1,210,32,4480,True,176,300645.91,29.59,27.38,100831.84,coines,0x76,Natural Air- HP-502,Office Air,countertop,,HP-502,aac0eeab6dc21836751ca27fe588aa00e7228bce
2025-10-16T15:16:39.897788+00:00,24,2,265,2,280,True,176,129064.78,31.22,27.43,100846.41,coines,0x76,Natural Air- HP-502,Office Air,countertop,,HP-502,aac0eeab6dc21836751ca27fe588aa00e7228bce
2025-10-16T15:16:48.512136+00:00,24,3,265,30,4200,True,176,272123.31,30.97,26.81,100862.54,coines,0x76,Natural Air- HP-502,Office Air,countertop,,HP-502,aac0eeab6dc21836751ca27fe588aa00e7228bce
2025-10-16T15:16:49.288267+00:00,24,4,320,2,280,True,176,154124.02,31.88,26.92,100856.27,coines,0x76,Natural Air- HP-502,Office Air,countertop,,HP-502,aac0eeab6dc21836751ca27fe588aa00e7228bce
2025-10-16T15:16:57.912269+00:00,24,5,320,30,4200,True,176,380669.16,31.21,26.51,100864.32,coines,0x76,Natural Air- HP-502,Office Air,countertop,,HP-502,aac0eeab6dc21836751ca27fe588aa00e7228bce
2025-10-16T15:17:07.095820+00:00,24,6,265,32,4480,True,176,497087.38,30.05,26.63,100834.05,coines,0x76,Natural Air- HP-502,Office Air,countertop,,HP-502,aac0eeab6dc21836751ca27fe588aa00e7228bce
2025-10-16T15:17:16.280025+00:00,24,7,210,32,4480,True,176,689330.19,29.87,26.82,100831.63,coines,0x76,Natural Air- HP-502,Office Air,countertop,,HP-502,aac0eeab6dc21836751ca27fe588aa00e7228bce
2025-10-16T15:17:25.460807+00:00,24,8,155,32,4480,True,176,1288860.88,29.67,27.12,100829.04,coines,0x76,Natural Air- HP-502,Office Air,countertop,,HP-502,aac0eeab6dc21836751ca27fe588aa00e7228bce
2025-10-16T15:17:34.635176+00:00,24,9,100,32,4480,True,176,4164717.75,29.33,27.62,100832.55,coines,0x76,Natural Air- HP-502,Office Air,countertop,,HP-502,aac0eeab6dc21836751ca27fe588aa00e7228bce
2025-10-16T15:17:43.820578+00:00,24,10,155,32,4480,True,176,842625.0,29.5,27.52,100830.89,coines,0x76,Natural Air- HP-502,Office Air,countertop,,HP-502,aac0eeab6dc21836751ca27fe588aa00e7228bce
2025-10-16T15:17:52.992598+00:00,25,1,210,32,4480,True,176,303857.56,29.74,27.14,100835.16,coines,0x76,Natural Air- HP-502,Office Air,countertop,,HP-502,aac0eeab6dc21836751ca27fe588aa00e7228bce
2025-10-16T15:17:53.773894+00:00,25,2,265,2,280,True,176,129751.65,31.35,27.24,100853.37,coines,0x76,Natural Air- HP-502,Office Air,countertop,,HP-502,aac0eeab6dc21836751ca27fe588aa00e7228bce
2025-10-16T15:18:02.404807+00:00,25,3,265,30,4200,True,176,274751.81,31.03,26.55,100865.27,coines,0x76,Natural Air- HP-502,Office Air,countertop,,HP-502,aac0eeab6dc21836751ca27fe588aa00e7228bce
2025-10-16T15:18:03.180686+00:00,25,4,320,2,280,True,176,154124.02,32.0,26.54,100867.19,coines,0x76,Natural Air- HP-502,Office Air,countertop,,HP-502,aac0eeab6dc21836751ca27fe588aa00e7228bce
2025-10-16T15:18:11.785643+00:00,25,5,320,30,4200,True,176,387145.56,31.4,26.13,100874.58,coines,0x76,Natural Air- HP-502,Office Air,countertop,,HP-502,aac0eeab6dc21836751ca27fe588aa00e7228bce
2025-10-16T15:18:20.955860+00:00,25,6,265,32,4480,True,176,503317.78,30.12,26.43,100840.44,coines,0x76,Natural Air- HP-502,Office Air,countertop,,HP-502,aac0eeab6dc21836751ca27fe588aa00e7228bce
2025-10-16T15:18:30.148457+00:00,25,7,210,32,4480,True,176,699214.75,29.91,26.76,100837.55,coines,0x76,Natural Air- HP-502,Office Air,countertop,,HP-502,aac0eeab6dc21836751ca27fe588aa00e7228bce
2025-10-16T15:18:39.323381+00:00,25,8,155,32,4480,True,176,1320012.88,29.7,27.12,100835.2,coines,0x76,Natural Air- HP-502,Office Air,countertop,,HP-502,aac0eeab6dc21836751ca27fe588aa00e7228bce
2025-10-16T15:18:48.489761+00:00,25,9,100,32,4480,True,176,4265556.0,29.36,27.67,100834.99,coines,0x76,Natural Air- HP-502,Office Air,countertop,,HP-502,aac0eeab6dc21836751ca27fe588aa00e7228bce
2025-10-16T15:18:57.666871+00:00,25,10,155,32,4480,True,176,854223.12,29.53,27.5,100833.98,coines,0x76,Natural Air- HP-502,Office Air,countertop,,HP-502,aac0eeab6dc21836751ca27fe588aa00e7228bce
2025-10-16T15:19:06.840735+00:00,26,1,210,32,4480,True,176,308526.66,29.75,27.17,100835.34,coines,0x76,Natural Air- HP-502,Office Air,countertop,,HP-502,aac0eeab6dc21836751ca27fe588aa00e7228bce
2025-10-16T15:19:07.620871+00:00,26,2,265,2,280,True,176,130946.29,31.39,27.26,100856.58,coines,0x76,Natural Air- HP-502,Office Air,countertop,,HP-502,aac0eeab6dc21836751ca27fe588aa00e7228bce
2025-10-16T15:19:16.237414+00:00,26,3,265,30,4200,True,176,273870.03,31.15,26.55,100863.23,coines,0x76,Natural Air- HP-502,Office Air,countertop,,HP-502,aac0eeab6dc21836751ca27fe588aa00e7228bce
2025-10-16T15:19:17.018866+00:00,26,4,320,2,280,True,176,154542.7,32.06,26.52,100856.77,coines,0x76,Natural Air- HP-502,Office Air,countertop,,HP-502,aac0eeab6dc21836751ca27fe588aa00e7228bce
2025-10-16T15:19:25.632830+00:00,26,5,320,30,4200,True,176,389131.69,31.45,26.1,100866.9,coines,0x76,Natural Air- HP-502,Office Air,countertop,,HP-502,aac0eeab6dc21836751ca27fe588aa00e7228bce
2025-10-16T15:19:34.807932+00:00,26,6,265,32,4480,True,176,506679.88,30.16,26.41,100832.86,coines,0x76,Natural Air- HP-502,Office Air,countertop,,HP-502,aac0eeab6dc21836751ca27fe588aa00e7228bce
2025-10-16T15:19:43.983178+00:00,26,7,210,32,4480,True,176,707182.31,29.95,26.76,100835.69,coines,0x76,Natural Air- HP-502,Office Air,countertop,,HP-502,aac0eeab6dc21836751ca27fe588aa00e7228bce
2025-10-16T15:19:53.156155+00:00,26,8,155,32,4480,True,176,1331599.5,29.5,27.38,100833.98,coines,0x76,Natural Air- HP-502,Office Air,countertop,,HP-502,aac0eeab6dc21836751ca27fe588aa00e7228bce
2025-10-16T15:20:02.333990+00:00,26,9,100,32,4480,True,176,4322955.0,29.05,28.04,100834.05,coines,0x76,Natural Air- HP-502,Office Air,countertop,,HP-502,aac0eeab6dc21836751ca27fe588aa00e7228bce
2025-10-16T15:20:11.519409+00:00,26,10,155,32,4480,True,176,873906.56,29.17,27.97,100836.5,coines,0x76,Natural Air- HP-502,Office Air,countertop,,HP-502,aac0eeab6dc21836751ca27fe588aa00e7228bce
2025-10-16T15:20:20.709948+00:00,27,1,210,32,4480,True,176,312767.25,29.34,27.71,100841.58,coines,0x76,Natural Air- HP-502,Office Air,countertop,,HP-502,aac0eeab6dc21836751ca27fe588aa00e7228bce
2025-10-16T15:20:21.494536+00:00,27,2,265,2,280,True,176,134559.8,30.88,27.83,100858.43,coines,0x76,Natural Air- HP-502,Office Air,countertop,,HP-502,aac0eeab6dc21836751ca27fe588aa00e7228bce
2025-10-16T15:20:30.109594+00:00,27,3,265,30,4200,True,176,280624.84,30.58,27.28,100868.52,coines,0x76,Natural Air- HP-502,Office Air,countertop,,HP-502,aac0eeab6dc21836751ca27fe588aa00e7228bce
2025-10-16T15:20:30.896996+00:00,27,4,320,2,280,True,176,157248.16,31.45,27.34,100864.27,coines,0x76,Natural Air- HP-502,Office Air,countertop,,HP-502,aac0eeab6dc21836751ca27fe588aa00e7228bce
2025-10-16T15:20:39.517898+00:00,27,5,320,30,4200,True,176,393619.06,30.78,26.95,100873.14,coines,0x76,Natural Air- HP-502,Office Air,countertop,,HP-502,aac0eeab6dc21836751ca27fe588aa00e7228bce
2025-10-16T15:20:48.693552+00:00,27,6,265,32,4480,True,176,520589.72,29.49,27.28,100836.48,coines,0x76,Natural Air- HP-502,Office Air,countertop,,HP-502,aac0eeab6dc21836751ca27fe588aa00e7228bce
2025-10-16T15:20:57.873662+00:00,27,7,210,32,4480,True,176,726756.56,29.31,27.55,100841.73,coines,0x76,Natural Air- HP-502,Office Air,countertop,,HP-502,aac0eeab6dc21836751ca27fe588aa00e7228bce
2025-10-16T15:21:07.050838+00:00,27,8,155,32,4480,True,176,1375881.75,29.0,28.02,100834.3,coines,0x76,Natural Air- HP-502,Office Air,countertop,,HP-502,aac0eeab6dc21836751ca27fe588aa00e7228bce
2025-10-16T15:21:16.235089+00:00,27,9,100,32,4480,True,176,4471615.5,28.58,28.62,100831.77,coines,0x76,Natural Air- HP-502,Office Air,countertop,,HP-502,aac0eeab6dc21836751ca27fe588aa00e7228bce
2025-10-16T15:21:25.416829+00:00,27,10,155,32,4480,True,176,887540.62,28.67,28.57,100831.49,coines,0x76,Natural Air- HP-502,Office Air,countertop,,HP-502,aac0eeab6dc21836751ca27fe588aa00e7228bce
2025-10-16T15:21:34.586808+00:00,28,1,210,32,4480,True,176,323743.28,28.94,28.17,100839.23,coines,0x76,Natural Air- HP-502,Office Air,countertop,,HP-502,aac0eeab6dc21836751ca27fe588aa00e7228bce
2025-10-16T15:21:35.367868+00:00,28,2,265,2,280,True,176,136715.62,30.56,28.2,100856.63,coines,0x76,Natural Air- HP-502,Office Air,countertop,,HP-502,aac0eeab6dc21836751ca27fe588aa00e7228bce
2025-10-16T15:21:43.994166+00:00,28,3,265,30,4200,True,176,286033.53,30.14,27.61,100866.92,coines,0x76,Natural Air- HP-502,Office Air,countertop,,HP-502,aac0eeab6dc21836751ca27fe588aa00e7228bce
2025-10-16T15:21:44.776774+00:00,28,4,320,2,280,True,176,160350.77,31.15,27.61,100858.32,coines,0x76,Natural Air- HP-502,Office Air,countertop,,HP-502,aac0eeab6dc21836751ca27fe588aa00e7228bce
2025-10-16T15:21:53.398043+00:00,28,5,320,30,4200,True,176,396361.53,30.51,27.1,100868.19,coines,0x76,Natural Air- HP-502,Office Air,countertop,,HP-502,aac0eeab6dc21836751ca27fe588aa00e7228bce
2025-10-16T15:22:02.584429+00:00,28,6,265,32,4480,True,176,523785.16,29.31,27.4,100838.79,coines,0x76,Natural Air- HP-502,Office Air,countertop,,HP-502,aac0eeab6dc21836751ca27fe588aa00e7228bce
2025-10-16T15:22:11.767777+00:00,28,7,210,32,4480,True,176,741760.25,29.08,27.74,100840.34,coines,0x76,Natural Air- HP-502,Office Air,countertop,,HP-502,aac0eeab6dc21836751ca27fe588aa00e7228bce
2025-10-16T15:22:20.939098+00:00,28,8,155,32,4480,True,176,1408528.25,28.83,28.12,100835.3,coines,0x76,Natural Air- HP-502,Office Air,countertop,,HP-502,aac0eeab6dc21836751ca27fe588aa00e7228bce
2025-10-16T15:22:30.130754+00:00,28,9,100,32,4480,True,176,4572704.5,28.45,28.7,100830.15,coines,0x76,Natural Air- HP-502,Office Air,countertop,,HP-502,aac0eeab6dc21836751ca27fe588aa00e7228bce
2025-10-16T15:22:39.308307+00:00,28,10,155,32,4480,True,176,916126.12,28.66,28.51,100833.53,coines,0x76,Natural Air- HP-502,Office Air,countertop,,HP-502,aac0eeab6dc21836751ca27fe588aa00e7228bce
2025-10-16T15:22:48.496439+00:00,29,1,210,32,4480,True,176,330003.22,28.85,28.18,100832.59,coines,0x76,Natural Air- HP-502,Office Air,countertop,,HP-502,aac0eeab6dc21836751ca27fe588aa00e7228bce
2025-10-16T15:22:49.287628+00:00,29,2,265,2,280,True,176,139509.53,30.49,28.17,100856.72,coines,0x76,Natural Air- HP-502,Office Air,countertop,,HP-502,aac0eeab6dc21836751ca27fe588aa00e7228bce
2025-10-16T15:22:57.897367+00:00,29,3,265,30,4200,True,176,288694.66,30.23,27.49,100859.71,coines,0x76,Natural Air- HP-502,Office Air,countertop,,HP-502,aac0eeab6dc21836751ca27fe588aa00e7228bce
2025-10-16T15:22:58.677631+00:00,29,4,320,2,280,True,176,161259.84,31.2,27.47,100854.98,coines,0x76,Natural Air- HP-502,Office Air,countertop,,HP-502,aac0eeab6dc21836751ca27fe588aa00e7228bce
2025-10-16T15:23:07.295695+00:00,29,5,320,30,4200,True,176,402911.66,30.53,27.03,100866.79,coines,0x76,Natural Air- HP-502,Office Air,countertop,,HP-502,aac0eeab6dc21836751ca27fe588aa00e7228bce
2025-10-16T15:23:16.470900+00:00,29,6,265,32,4480,True,176,529883.56,29.32,27.32,100835.16,coines,0x76,Natural Air- HP-502,Office Air,countertop,,HP-502,aac0eeab6dc21836751ca27fe588aa00e7228bce
2025-10-16T15:23:25.637490+00:00,29,7,210,32,4480,True,176,744186.06,29.14,27.61,100833.18,coines,0x76,Natural Air- HP-502,Office Air,countertop,,HP-502,aac0eeab6dc21836751ca27fe588aa00e7228bce
2025-10-16T15:23:34.806065+00:00,29,8,155,32,4480,True,176,1429169.62,28.92,27.9,100836.02,coines,0x76,Natural Air- HP-502,Office Air,countertop,,HP-502,aac0eeab6dc21836751ca27fe588aa00e7228bce
2025-10-16T15:23:43.998761+00:00,29,9,100,32,4480,True,176,4658516.0,28.57,28.45,100831.07,coines,0x76,Natural Air- HP-502,Office Air,countertop,,HP-502,aac0eeab6dc21836751ca27fe588aa00e7228bce
2025-10-16T15:23:53.179580+00:00,29,10,155,32,4480,True,176,927956.5,28.71,28.31,100831.73,coines,0x76,Natural Air- HP-502,Office Air,countertop,,HP-502,aac0eeab6dc21836751ca27fe588aa00e7228bce
2025-10-16T15:24:02.346690+00:00,30,1,210,32,4480,True,176,332575.5,28.91,27.98,100836.2,coines,0x76,Natural Air- HP-502,Office Air,countertop,,HP-502,aac0eeab6dc21836751ca27fe588aa00e7228bce
2025-10-16T15:24:03.127772+00:00,30,2,265,2,280,True,176,140659.34,30.57,28.01,100856.82,coines,0x76,Natural Air- HP-502,Office Air,countertop,,HP-502,aac0eeab6dc21836751ca27fe588aa00e7228bce
2025-10-16T15:24:11.745350+00:00,30,3,265,30,4200,True,176,289429.06,30.32,27.3,100865.62,coines,0x76,Natural Air- HP-502,Office Air,countertop,,HP-502,aac0eeab6dc21836751ca27fe588aa00e7228bce
2025-10-16T15:24:12.526888+00:00,30,4,320,2,280,True,176,162025.31,31.26,27.26,100857.25,coines,0x76,Natural Air- HP-502,Office Air,countertop,,HP-502,aac0eeab6dc21836751ca27fe588aa00e7228bce
2025-10-16T15:24:21.152028+00:00,30,5,320,30,4200,True,176,405303.78,30.48,26.89,100870.59,coines,0x76,Natural Air- HP-502,Office Air,countertop,,HP-502,aac0eeab6dc21836751ca27fe588aa00e7228bce
2025-10-16T15:24:30.330044+00:00,30,6,265,32,4480,True,176,535284.88,29.24,27.25,100840.95,coines,0x76,Natural Air- HP-502,Office Air,countertop,,HP-502,aac0eeab6dc21836751ca27fe588aa00e7228bce
2025-10-16T15:24:39.499588+00:00,30,7,210,32,4480,True,176,763466.94,28.91,27.7,100838.38,coines,0x76,Natural Air- HP-502,Office Air,countertop,,HP-502,aac0eeab6dc21836751ca27fe588aa00e7228bce
2025-10-16T15:24:48.686268+00:00,30,8,155,32,4480,True,176,1442761.5,28.72,28.06,100837.0,coines,0x76,Natural Air- HP-502,Office Air,countertop,,HP-502,aac0eeab6dc21836751ca27fe588aa00e7228bce
2025-10-16T15:24:57.877872+00:00,30,9,100,32,4480,True,176,4776676.5,28.41,28.52,100827.74,coines,0x76,Natural Air- HP-502,Office Air,countertop,,HP-502,aac0eeab6dc21836751ca27fe588aa00e7228bce
2025-10-16T15:25:07.061827+00:00,30,10,155,32,4480,True,176,944649.44,28.52,28.44,100832.8,coines,0x76,Natural Air- HP-502,Office Air,countertop,,HP-502,aac0eeab6dc21836751ca27fe588aa00e7228bce
2025-10-16T15:25:16.238452+00:00,31,1,210,32,4480,True,176,340199.34,28.75,28.12,100832.32,coines,0x76,Natural Air- HP-502,Office Air,countertop,,HP-502,aac0eeab6dc21836751ca27fe588aa00e7228bce
2025-10-16T15:25:17.017526+00:00,31,2,265,2,280,True,176,142420.03,30.43,28.12,100854.56,coines,0x76,Natural Air- HP-502,Office Air,countertop,,HP-502,aac0eeab6dc21836751ca27fe588aa00e7228bce
2025-10-16T15:25:25.631667+00:00,31,3,265,30,4200,True,176,292154.06,30.15,27.45,100867.97,coines,0x76,Natural Air- HP-502,Office Air,countertop,,HP-502,aac0eeab6dc21836751ca27fe588aa00e7228bce
2025-10-16T15:25:26.409282+00:00,31,4,320,2,280,True,176,162488.09,31.23,27.39,100862.02,coines,0x76,Natural Air- HP-502,Office Air,countertop,,HP-502,aac0eeab6dc21836751ca27fe588aa00e7228bce
2025-10-16T15:25:35.020699+00:00,31,5,320,30,4200,True,176,404343.53,30.66,26.82,100864.63,coines,0x76,Natural Air- HP-502,Office Air,countertop,,HP-502,aac0eeab6dc21836751ca27fe588aa00e7228bce
2025-10-16T15:25:44.210530+00:00,31,6,265,32,4480,True,176,534446.75,29.43,27.01,100832.34,coines,0x76,Natural Air- HP-502,Office Air,countertop,,HP-502,aac0eeab6dc21836751ca27fe588aa00e7228bce
2025-10-16T15:25:53.390583+00:00,31,7,210,32,4480,True,176,765178.38,29.25,27.2,100836.95,coines,0x76,Natural Air- HP-502,Office Air,countertop,,HP-502,aac0eeab6dc21836751ca27fe588aa00e7228bce
2025-10-16T15:26:02.559034+00:00,31,8,155,32,4480,True,176,1478700.38,29.05,27.57,100830.57,coines,0x76,Natural Air- HP-502,Office Air,countertop,,HP-502,aac0eeab6dc21836751ca27fe588aa00e7228bce
2025-10-16T15:26:11.741351+00:00,31,9,100,32,4480,True,176,4835891.5,28.73,28.09,100826.56,coines,0x76,Natural Air- HP-502,Office Air,countertop,,HP-502,aac0eeab6dc21836751ca27fe588aa00e7228bce
2025-10-16T15:26:20.930281+00:00,31,10,155,32,4480,True,176,960600.38,28.9,27.91,100829.98,coines,0x76,Natural Air- HP-502,Office Air,countertop,,HP-502,aac0eeab6dc21836751ca27fe588aa00e7228bce
2025-10-16T15:26:30.115671+00:00,32,1,210,32,4480,True,176,338512.41,29.13,27.62,100836.28,coines,0x76,Natural Air- HP-502,Office Air,countertop,,HP-502,aac0eeab6dc21836751ca27fe588aa00e7228bce
2025-10-16T15:26:30.894036+00:00,32,2,265,2,280,True,176,142777.47,30.8,27.65,100854.34,coines,0x76,Natural Air- HP-502,Office Air,countertop,,HP-502,aac0eeab6dc21836751ca27fe588aa00e7228bce
2025-10-16T15:26:39.507486+00:00,32,3,265,30,4200,True,176,290167.19,30.56,26.98,100864.12,coines,0x76,Natural Air- HP-502,Office Air,countertop,,HP-502,aac0eeab6dc21836751ca27fe588aa00e7228bce
2025-10-16T15:26:40.284505+00:00,32,4,320,2,280,True,176,162642.95,31.48,26.91,100855.89,coines,0x76,Natural Air- HP-502,Office Air,countertop,,HP-502,aac0eeab6dc21836751ca27fe588aa00e7228bce
2025-10-16T15:26:48.910417+00:00,32,5,320,30,4200,True,176,405303.78,30.84,26.48,100862.34,coines,0x76,Natural Air- HP-502,Office Air,countertop,,HP-502,aac0eeab6dc21836751ca27fe588aa00e7228bce
2025-10-16T15:26:58.090359+00:00,32,6,265,32,4480,True,176,534028.69,29.74,26.67,100830.14,coines,0x76,Natural Air- HP-502,Office Air,countertop,,HP-502,aac0eeab6dc21836751ca27fe588aa00e7228bce
2025-10-16T15:27:07.272683+00:00,32,7,210,32,4480,True,176,760914.0,29.57,26.9,100833.89,coines,0x76,Natural Air- HP-502,Office Air,countertop,,HP-502,aac0eeab6dc21836751ca27fe588aa00e7228bce
2025-10-16T15:27:16.465398+00:00,32,8,155,32,4480,True,176,1480303.62,29.37,27.18,100830.88,coines,0x76,Natural Air- HP-502,Office Air,countertop,,HP-502,aac0eeab6dc21836751ca27fe588aa00e7228bce
2025-10-16T15:27:25.651584+00:00,32,9,100,32,4480,True,176,4853080.5,29.02,27.7,100827.85,coines,0x76,Natural Air- HP-502,Office Air,countertop,,HP-502,aac0eeab6dc21836751ca27fe588aa00e7228bce
2025-10-16T15:27:34.843506+00:00,32,10,155,32,4480,True,176,961954.0,29.21,27.57,100832.77,coines,0x76,Natural Air- HP-502,Office Air,countertop,,HP-502,aac0eeab6dc21836751ca27fe588aa00e7228bce
